Price,Cells,Capacity (mAh),Dollars per Wh,Link
$11.62,3,5000,0.20937,http://www.hobbyking.com/hobbyking/store/__15512__B_Grade_5000mAh_3S_20C_Lipoly_Battery.html
$19.99,5,5000,0.21611,http://www.hobbyking.com/hobbyking/store/__12459__Polyquest_5000mAh_5S_25C_45C_Lipoly.html
$14.04,3,5000,0.25297,http://www.hobbyking.com/hobbyking/store/__15494__B_Grade_5000mAh_3S_25C_Lipoly_Battery.html
$6.99,3,2200,0.28624,http://www.hobbyking.com/hobbyking/store/__15453__B_Grade_2200mAh_3S_20C_Lipoly_Battery.html
$7.15,3,2200,0.29279,http://www.hobbyking.com/hobbyking/store/__24770__B_Grade_2200mAh_3S_35C_Lipoly_Battery.html
$11.56,4,2650,0.29475,http://www.hobbyking.com/hobbyking/store/__24774__B_Grade_2650mAh_4S_40C_Lipoly_Battery.html
$11.57,4,2650,0.295,http://www.hobbyking.com/hobbyking/store/__24773__B_Grade_2650mAh_4S_30C_Lipoly_Battery.html
$8.74,3,2650,0.29713,http://www.hobbyking.com/hobbyking/store/__24772__B_Grade_2650mAh_3S_30C_Lipoly_Battery.html
$19.41,3,5800,0.30149,http://www.hobbyking.com/hobbyking/store/__50207__B_Grade_5800mAh_3S_25C_Lipoly_Battery.html
$17.06,3,5000,0.30739,http://www.hobbyking.com/hobbyking/store/__15498__B_Grade_5000mAh_3S_30C_Lipoly_Battery.html
$11.29,3,3300,0.30822,http://www.hobbyking.com/hobbyking/store/__24776__B_Grade_3300mAh_3S_30C_Lipoly_Battery.html
$7.89,3,2200,0.3231,http://www.hobbyking.com/hobbyking/store/__8932__Turnigy_2200mAh_3S_20C_Lipo_Pack.html
$8.16,3,2200,0.33415,http://www.hobbyking.com/hobbyking/store/__15452__B_Grade_2200mAh_3S_30C_Lipoly_Battery.html
$9.10,3,2450,0.33462,http://www.hobbyking.com/hobbyking/store/__24771__B_Grade_2450mAh_3S_30C_Lipoly_Battery.html
$12.42,3,3000,0.37297,http://www.hobbyking.com/hobbyking/store/__24775__B_Grade_3000mAh_3S_40C_Lipoly_Battery.html
$49.99,9,4000,0.3753,http://www.hobbyking.com/hobbyking/store/__21366__ZIPPY_Compact_4000mAh_9S_25C_Lipo_Pack.html
$22.88,6,2650,0.38892,http://www.hobbyking.com/hobbyking/store/__9181__Turnigy_2650mAh_6S_20C_Lipo_Pack.html
$16.49,3,3700,0.40151,http://www.hobbyking.com/hobbyking/store/__7295__Rhino_3700mAh_3S_11_1v_20C_Lipoly_Pack.html
$15.79,4,2650,0.4026,http://www.hobbyking.com/hobbyking/store/__9182__Turnigy_2650mAh_4S_20C_Lipo_Pack.html
$49.99,9,3700,0.40573,http://www.hobbyking.com/hobbyking/store/__21418__ZIPPY_Compact_3700mAh_9S_35C_Lipo_Pack.html
$22.66,5,3000,0.40829,http://www.hobbyking.com/hobbyking/store/__9263__Turnigy_3000mAh_5S_20C_Lipo_Pack.html
$17.10,3,3700,0.41636,http://www.hobbyking.com/hobbyking/store/__9340__Rhino_3700mAh_3S_11_1v_25C_Lipoly_Pack_.html
$12.31,3,2650,0.41849,http://www.hobbyking.com/hobbyking/store/__9271__Turnigy_2650mAh_3S_20C_Lipo_Pack.html
$49.99,8,4000,0.42221,http://www.hobbyking.com/hobbyking/store/__21365__ZIPPY_Compact_4000mAh_8S_25C_Lipo_Pack.html
$23.47,3,5000,0.42288,http://www.hobbyking.com/hobbyking/store/__15490__B_Grade_5000mAh_3S_40C_Lipoly_Battery.html
$39.20,5,5000,0.42378,http://www.hobbyking.com/hobbyking/store/__9174__Turnigy_5000mAh_5S_20C_Lipo_Pack.html
$34.91,6,3700,0.42501,http://www.hobbyking.com/hobbyking/store/__7297__Rhino_3700mAh_6S_22_2v_20C_Lipoly_Pack.html
$47.60,6,5000,0.42883,http://www.hobbyking.com/hobbyking/store/__9176__Turnigy_5000mAh_6S_20C_Lipo_Pack.html
$10.57,3,2200,0.43284,http://www.hobbyking.com/hobbyking/store/__8934__Turnigy_2200mAh_3S_25C_Lipo_Pack.html
$12.79,3,2650,0.43481,http://www.hobbyking.com/hobbyking/store/__16529__Turnigy_2650mAh_3S_1C_LLF_Tx_Pack_Futaba_JR_.html
$19.51,4,3000,0.43941,http://www.hobbyking.com/hobbyking/store/__9264__Turnigy_3000mAh_4S_20C_Lipo_Pack.html
$29.27,6,3000,0.43949,http://www.hobbyking.com/hobbyking/store/__9262__Turnigy_3000mAh_6S_20C_Lipo_Pack_Great_for_T_Rex_500_.html
$14.64,3,3000,0.43964,http://www.hobbyking.com/hobbyking/store/__9265__Turnigy_3000mAh_3S_20C_Lipo_Pack.html
$32.99,4,5000,0.44581,http://www.hobbyking.com/hobbyking/store/__9177__Turnigy_5000mAh_4S_20C_Lipo_Pack.html
$16.51,2,5000,0.44622,http://www.hobbyking.com/hobbyking/store/__9172__Turnigy_5000mAh_2S_20C_Lipo_Pack.html
$25.02,3,5000,0.45081,http://www.hobbyking.com/hobbyking/store/__9184__Turnigy_5000mAh_3S_20C_Lipo_Pack.html
$67.35,10,4000,0.45507,http://www.hobbyking.com/hobbyking/store/__21367__ZIPPY_Compact_4000mAh_10S_25C_Lipo_Pack.html
$11.24,3,2200,0.46028,http://www.hobbyking.com/hobbyking/store/__21346__ZIPPY_Compact_2200mAh_3S_25C_Lipo_Pack.html
$68.94,10,4000,0.46581,http://www.hobbyking.com/hobbyking/store/__21368__ZIPPY_Compact_4000mAh_10S_25C_Long_Lipo_Pack.html
$13.82,2,4000,0.46689,http://www.hobbyking.com/hobbyking/store/__21359__ZIPPY_Compact_4000mAh_2S_25C_Lipo_Pack.html
$39.99,7,3300,0.46788,http://www.hobbyking.com/hobbyking/store/__21407__ZIPPY_Compact_3300mAh_7S_35C_Lipo_Pack.html
$23.44,5,2700,0.46927,http://www.hobbyking.com/hobbyking/store/__21351__ZIPPY_Compact_2700mAh_5S_25C_Lipo_Pack.html
$18.76,4,2700,0.46947,http://www.hobbyking.com/hobbyking/store/__21350__ZIPPY_Compact_2700mAh_4S_25C_Lipo_Pack.html
$52.99,6,5000,0.47739,http://www.hobbyking.com/hobbyking/store/__10480__Turnigy_5000mAh_6S_25C_Long_Lipo_Pack.html
$3.91,1,2200,0.48034,http://www.hobbyking.com/hobbyking/store/__18558__Turnigy_2200mAh_1S_20C_Lipoly_Single_Cell_.html
$26.34,4,3700,0.48101,http://www.hobbyking.com/hobbyking/store/__9338__Rhino_3700mAh_4S_14_8v_25C_Lipoly_Pack_.html
$42.90,6,4000,0.48311,http://www.hobbyking.com/hobbyking/store/__9178__Turnigy_4000mAh_6S_20C_Lipo_Pack.html
$28.60,4,4000,0.48311,http://www.hobbyking.com/hobbyking/store/__9463__Turnigy_4000mAh_4S_20C_Lipo_Pack.html
$83.23,8,5800,0.4848,http://www.hobbyking.com/hobbyking/store/__21385__ZIPPY_Compact_5800mAh_8S_25C_Lipo_Pack.html
$93.64,9,5800,0.48483,http://www.hobbyking.com/hobbyking/store/__21386__ZIPPY_Compact_5800mAh_9S_25C_Lipo_Pack.html
$8.98,1,5000,0.48541,http://www.hobbyking.com/hobbyking/store/__18560__Turnigy_5000mAh_1S_20C_Lipoly_Single_Cell_.html
$5.39,3,1000,0.48559,http://www.hobbyking.com/hobbyking/store/__21334__ZIPPY_Compact_1000mAh_3S_25C_Lipo_Pack.html
$6.33,2,1750,0.4888,http://www.hobbyking.com/hobbyking/store/__7312__Rhino_1750mAh_2S_7_4v_20C_Lipoly_Pack.html
$13.44,2,3700,0.49087,http://www.hobbyking.com/hobbyking/store/__9339__Rhino_3700mAh_2S_7_4v_25C_Lipoly_Pack.html
$5.49,3,1000,0.49459,http://www.hobbyking.com/hobbyking/store/__9163__Turnigy_1000mAh_3S_20C_Lipo_Pack.html
$27.17,4,3700,0.49617,http://www.hobbyking.com/hobbyking/store/__7296__Rhino_3700mAh_4S_14_8v_20C_Lipoly_Pack_.html
$12.90,4,1750,0.49807,http://www.hobbyking.com/hobbyking/store/__7345__Rhino_1750mAh_4S_14_8v_20C_Lipoly_Pack.html
$13.00,3,2350,0.49837,http://www.hobbyking.com/hobbyking/store/__7294__Rhino_2350mAh_3S_11_1v_20C_Lipoly_Pack_.html
$55.34,6,5000,0.49856,http://www.hobbyking.com/hobbyking/store/__21373__ZIPPY_Compact_5000mAh_6S_25C_Lipo_Pack.html
$64.58,7,5000,0.49869,http://www.hobbyking.com/hobbyking/store/__21374__ZIPPY_Compact_5000mAh_7S_25C_Lipo_Pack.html
$36.99,5,4000,0.49986,http://www.hobbyking.com/hobbyking/store/__21362__ZIPPY_Compact_4000mAh_5S_25C_Lipo_Pack.html
$46.24,5,5000,0.49989,http://www.hobbyking.com/hobbyking/store/__21372__ZIPPY_Compact_5000mAh_5S_25C_Lipo_Pack.html
$37.00,4,5000,0.5,http://www.hobbyking.com/hobbyking/store/__21371__ZIPPY_Compact_5000mAh_4S_25C_Lipo_Pack.html
$8.05,3,1450,0.50016,http://www.hobbyking.com/hobbyking/store/__9787__Turnigy_1450mAh_3S_11_1v_Transmitter_Lipoly_Pack.html
$27.76,3,5000,0.50018,http://www.hobbyking.com/hobbyking/store/__21370__ZIPPY_Compact_5000mAh_3S_25C_Lipo_Pack.html
$18.52,2,5000,0.50054,http://www.hobbyking.com/hobbyking/store/__21369___ZIPPY_Compact_5000mAh_2S_25C_Lipo_Pack.html
$22.23,3,4000,0.50068,http://www.hobbyking.com/hobbyking/store/__11612__Turnigy_4000mAh_3S_20C_Lipo_pack_Perfect_for_QRF400_.html
$51.98,7,4000,0.50174,http://www.hobbyking.com/hobbyking/store/__21364__ZIPPY_Compact_4000mAh_7S_25C_Lipo_Pack.html
$12.54,3,2250,0.5021,http://www.hobbyking.com/hobbyking/store/__7314__Rhino_2250mAh_3S_11_1v_25C_Lipoly_Pack_.html
$15.98,4,2150,0.5022,http://www.hobbyking.com/hobbyking/store/__9319__Rhino_2150mAh_4S_14_8v_25C_Lipoly_Pack.html
$13.04,4,1750,0.50347,http://www.hobbyking.com/hobbyking/store/__9337__Rhino_1750mAh_4S_14_8v_25C_Lipoly_Pack_.html
$30.28,6,2700,0.50517,http://www.hobbyking.com/hobbyking/store/__21352__ZIPPY_Compact_2700mAh_6S_25C_Lipo_Pack.html
$22.91,5,2450,0.50546,http://www.hobbyking.com/hobbyking/store/__25516__ZIPPY_Compact_2450mAh_5S_35C_Lipo_Pack.html
$15.16,3,2700,0.50584,http://www.hobbyking.com/hobbyking/store/__21349__ZIPPY_Compact_2700mAh_3S_25C_Lipo_Pack.html
$69.99,10,3700,0.51125,http://www.hobbyking.com/hobbyking/store/__21419__ZIPPY_Compact_3700mAh_10S_35C_Lipo_Pack.html
$49.99,8,3300,0.51177,http://www.hobbyking.com/hobbyking/store/__21408__ZIPPY_Compact_3300mAh_8S_35C_Lipo_Pack_.html
$49.99,6,4400,0.51177,http://www.hobbyking.com/hobbyking/store/__10090__Polyquest_XF_4400mAh_6S_45C_90C_Lipoly.html
$9.99,4,1300,0.51923,http://www.hobbyking.com/hobbyking/store/__9494__Turnigy_1300mAh_4S_20C_Lipo_Pack.html
$49.99,7,3700,0.52165,http://www.hobbyking.com/hobbyking/store/__21416__ZIPPY_Compact_3700mAh_7S_35C_Lipo_Pack_.html
$78.44,7,5800,0.52217,http://www.hobbyking.com/hobbyking/store/__21384__ZIPPY_Compact_5800mAh_7S_25C_Lipo_Pack.html
$67.24,6,5800,0.52221,http://www.hobbyking.com/hobbyking/store/__21383__ZIPPY_Compact_5800mAh_6S_25C_Lipo_Pack.html
$44.84,4,5800,0.52237,http://www.hobbyking.com/hobbyking/store/__21381__ZIPPY_Compact_5800mAh_4S_25C_Lipo_Pack.html
$12.79,3,2200,0.52375,http://www.hobbyking.com/hobbyking/store/__9394__Turnigy_2200mAh_3S_30C_Lipo_Pack.html
$49.00,5,5000,0.52973,http://www.hobbyking.com/hobbyking/store/__9175__Turnigy_5000mAh_5S_25C_Lipo_Pack.html
$39.21,4,5000,0.52986,http://www.hobbyking.com/hobbyking/store/__9179__Turnigy_5000mAh_4S_25C_Lipo_Pack.html
$58.91,6,5000,0.53072,http://www.hobbyking.com/hobbyking/store/__9180__Turnigy_5000mAh_6S_25C_Lipo_Pack_.html
$9.15,3,1550,0.53182,http://www.hobbyking.com/hobbyking/store/__7311__Rhino_1550mAh_3S_11_1v_20C_Lipoly_Pack_.html
$17.33,4,2200,0.53225,http://www.hobbyking.com/hobbyking/store/__21347__ZIPPY_Compact_2200mAh_4S_25C_Lipo_Pack.html
$3.64,3,610,0.53759,http://www.hobbyking.com/hobbyking/store/__7308__Rhino_610mAh_3S_11_1v_20C_Lipoly_Pack.html
$8.06,3,1350,0.53787,http://www.hobbyking.com/hobbyking/store/__7313__Rhino_1350mAh_3S_11_1v_25C_Lipoly_Pack.html
$29.97,3,5000,0.54,http://www.hobbyking.com/hobbyking/store/__9183__Turnigy_5000mAh_3S_25C_Lipo_Pack.html
$65.95,10,3300,0.54013,http://www.hobbyking.com/hobbyking/store/__21410__ZIPPY_Compact_3300mAh_10S_35C_Lipo_Pack.html
$17.42,4,2150,0.54745,http://www.hobbyking.com/hobbyking/store/__9320__Rhino_2150mAh_4S_14_8v_30C_Lipoly_Pack_.html
$40.55,5,4000,0.54797,http://www.hobbyking.com/hobbyking/store/__9512__Turnigy_4000mAh_5S_30C_Lipo_Pack.html
$6.39,3,1050,0.54826,http://www.hobbyking.com/hobbyking/store/__7309__Rhino_1050mAh_3S_11_1v_20C_Lipoly_Pack.html
$16.25,2,4000,0.54899,http://www.hobbyking.com/hobbyking/store/__9509__Turnigy_4000mAh_2S_30C_Lipo_Pack.html
$13.13,3,2150,0.55018,http://www.hobbyking.com/hobbyking/store/__9318__Rhino_2150mAh_3S_11_1v_30C_Lipoly_Pack_.html
$11.02,3,1800,0.55155,http://www.hobbyking.com/hobbyking/store/__9274__Turnigy_1800mAh_3S_20C_Lipo_Pack.html
$45.49,6,3700,0.55381,http://www.hobbyking.com/hobbyking/store/__21358__ZIPPY_Compact_3700mAh_6S_25C_Lipo_Pack.html
$22.77,3,3700,0.55442,http://www.hobbyking.com/hobbyking/store/__21355__ZIPPY_Compact_3700mAh_3S_25C_Lipo_Pack.html
$36.96,4,4500,0.55495,http://www.hobbyking.com/hobbyking/store/__21422__ZIPPY_Compact_4500mAh_4S_35C_Lipo_Pack.html
$38.05,5,3700,0.55588,http://www.hobbyking.com/hobbyking/store/__21357__ZIPPY_Compact_3700mAh_5S_25C_Lipo_Pack.html
$30.45,4,3700,0.55606,http://www.hobbyking.com/hobbyking/store/__21356__ZIPPY_Compact_3700mAh_4S_25C_Lipo_Pack.html
$15.25,2,3700,0.55698,http://www.hobbyking.com/hobbyking/store/__21354__ZIPPY_Compact_3700mAh_2S_25C_Lipo_Pack.html
$6.19,3,1000,0.55766,http://www.hobbyking.com/hobbyking/store/__9164__Turnigy_1000mAh_3S_25C_Lipo_Pack.html
$12.42,4,1500,0.55946,http://www.hobbyking.com/hobbyking/store/__21341__ZIPPY_Compact_1500mAh_4S_25C_Lipo_Pack.html
$6.63,2,1600,0.55997,http://www.hobbyking.com/hobbyking/store/__19952__Turnigy_1600mAh_2S_20C_Lipo_Pack_Losi_Mini_Compatible_.html
$27.39,6,2200,0.56081,http://www.hobbyking.com/hobbyking/store/__11913__Turnigy_nano_tech_2200mah_6S_25_50C_Lipo_Pack.html
$16.51,3,2650,0.56128,http://www.hobbyking.com/hobbyking/store/__9267__Turnigy_2650mAh_3S_30C_Lipo_Pack.html
$9.99,3,1600,0.5625,http://www.hobbyking.com/hobbyking/store/__9167__Turnigy_1600mAh_3S_20C_Lipo_Pack.html
$29.99,4,3600,0.56288,http://www.hobbyking.com/hobbyking/store/__9467__Turnigy_3600mAh_4S_20C_Lipo_Pack.html
$9.39,3,1500,0.56396,http://www.hobbyking.com/hobbyking/store/__21340__ZIPPY_Compact_1500mAh_3S_25C_Lipo_Pack.html
$10.87,4,1300,0.56497,http://www.hobbyking.com/hobbyking/store/__18202__Turnigy_nano_tech_1300mAh_4S_25_50C_Lipo_Pack.html
$8.42,4,1000,0.56892,http://www.hobbyking.com/hobbyking/store/__21335__ZIPPY_Compact_1000mAh_4S_25C_Lipo_Pack.html
$84.21,8,5000,0.56899,http://www.hobbyking.com/hobbyking/store/__21375__ZIPPY_Compact_5000mAh_8S_25C_Lipo_Pack.html
$16.11,3,2550,0.56916,http://www.hobbyking.com/hobbyking/store/__9613__Rhino_2550mAh_3S_11_1v_40C_Lipoly_Pack.html
$94.77,9,5000,0.56919,http://www.hobbyking.com/hobbyking/store/__21376__ZIPPY_Compact_5000mAh_9S_25C_Lipo_Pack.html
$13.51,4,1600,0.57052,http://www.hobbyking.com/hobbyking/store/__9495__Turnigy_1600mAh_4S_20C_Lipo_Pack.html
$105.65,10,5000,0.57108,http://www.hobbyking.com/hobbyking/store/__21377__ZIPPY_Compact_5000mAh_10S_25C_Lipo_Pack.html
$15.23,4,1800,0.5717,http://www.hobbyking.com/hobbyking/store/__9761__Turnigy_1800mAh_4S_20C_Lipo_Pack.html
$9.53,3,1500,0.57237,http://www.hobbyking.com/hobbyking/store/__9273__Turnigy_1500mAh_3S_20C_Lipo_Pack.html
$22.89,3,3600,0.57282,http://www.hobbyking.com/hobbyking/store/__9466__Turnigy_3600mAh_3S_20C_Lipo_Pack.html
$50.93,6,4000,0.57354,http://www.hobbyking.com/hobbyking/store/__21363__ZIPPY_Compact_4000mAh_6S_25C_Lipo_Pack.html
$8.49,4,1000,0.57365,http://www.hobbyking.com/hobbyking/store/__9624__Turnigy_1000mAh_4S_20C_Lipo_Pack.html
$33.97,4,4000,0.57382,http://www.hobbyking.com/hobbyking/store/__21361__ZIPPY_Compact_4000mAh_4S_25C_Lipo_Pack.html
$25.49,3,4000,0.5741,http://www.hobbyking.com/hobbyking/store/__21360__ZIPPY_Compact_4000mAh_3S_25C_Lipo_Pack.html
$21.06,3,3300,0.57494,http://www.hobbyking.com/hobbyking/store/__9465__Turnigy_3300mAh_3S_20C_Lipo_Pack.html
$44.69,5,4200,0.57516,http://www.hobbyking.com/hobbyking/store/__40046__ZIPPY_Compact_4200mAh_5S_25C_Lipo_Pack.html
$63.99,6,5000,0.57649,http://www.hobbyking.com/hobbyking/store/__9518__Turnigy_5000mAh_6S_30C_Lipo_Pack.html
$15.38,4,1800,0.57733,http://www.hobbyking.com/hobbyking/store/__21344__ZIPPY_Compact_1800mAh_4S_25C_Lipo_Pack.html
$34.61,6,2700,0.57741,http://www.hobbyking.com/hobbyking/store/__21353__ZIPPY_Compact_2700mAh_6S_25C_Long_Lipo_Pack.html
$11.54,3,1800,0.57758,http://www.hobbyking.com/hobbyking/store/__21343__ZIPPY_Compact_1800mAh_3S_25C_Lipo_Pack.html
$11.57,2,2700,0.57908,http://www.hobbyking.com/hobbyking/store/__21348__ZIPPY_Compact_2700mAh_2S_25C_Lipo_Pack.html
$63.49,8,3700,0.57971,http://www.hobbyking.com/hobbyking/store/__21417__ZIPPY_Compact_3700mAh_8S_35C_Lipo_Pack.html
$6.45,3,1000,0.58108,http://www.hobbyking.com/hobbyking/store/__21389__ZIPPY_Compact_1000mAh_3S_35C_Lipo_Pack.html
$6.67,2,1550,0.58152,http://www.hobbyking.com/hobbyking/store/__7316__Rhino_1550mAh_2S_7_4v_20C_Lipoly_Pack_.html
$99.99,8,5800,0.58242,http://www.hobbyking.com/hobbyking/store/__10895__Turnigy_5800mAh_8S_25C_Long_Lipo_Pack.html
$34.29,6,2650,0.58287,http://www.hobbyking.com/hobbyking/store/__9268__Turnigy_2650mAh_6S_30C_Lipo_Pack.html
$9.51,2,2200,0.58415,http://www.hobbyking.com/hobbyking/store/__8933__Turnigy_2200mAh_2S_20C_Lipo_Pack.html
$25.95,3,4000,0.58446,http://www.hobbyking.com/hobbyking/store/__9185__Turnigy_4000mAh_3S_20C_Lipo_Pack.html
$28.59,4,3300,0.58538,http://www.hobbyking.com/hobbyking/store/__9464__Turnigy_3300mAh_4S_20C_Lipo_Pack.html
$19.50,4,2250,0.58559,http://www.hobbyking.com/hobbyking/store/__9611__Rhino_2250mAh_4S_14_8v_40C_Lipoly_Pack_.html
$11.57,2,2650,0.59001,http://www.hobbyking.com/hobbyking/store/__9367__Turnigy_2650mAh_2S_30C_Lipo_Pack.html
$13.78,3,2100,0.59116,http://www.hobbyking.com/hobbyking/store/__12613__Zippy_Flightmax_2100mAh_3S_35C_Lipo_Pack.html
$26.25,3,4000,0.59122,http://www.hobbyking.com/hobbyking/store/__9510__Turnigy_4000mAh_3S_30C_Lipo_Pack.html
$43.33,6,3300,0.59146,http://www.hobbyking.com/hobbyking/store/__21406__ZIPPY_Compact_3300mAh_6S_35C_Lipo_Pack_.html
$17.42,3,2650,0.59221,http://www.hobbyking.com/hobbyking/store/__11915__Turnigy_nano_tech_2650mah_3S_25_50C_Lipo_Pack.html
$14.47,2,3300,0.59255,http://www.hobbyking.com/hobbyking/store/__21402__ZIPPY_Compact_3300mAh_2S_35C_Lipo_Pack.html
$54.95,5,5000,0.59405,http://www.hobbyking.com/hobbyking/store/__9517__Turnigy_5000mAh_5S_30C_Lipo_Pack.html
$128.05,10,5800,0.59669,http://www.hobbyking.com/hobbyking/store/__21387__ZIPPY_Compact_5800mAh_10S_25C_Lipo_Pack.html
$64.05,5,5800,0.59692,http://www.hobbyking.com/hobbyking/store/__21382__ZIPPY_Compact_5800mAh_5S_25C_Lipo_Pack_.html
$32.49,6,2450,0.59735,http://www.hobbyking.com/hobbyking/store/__25517__ZIPPY_Compact_2450mAh_6S_35C_Lipo_Pack.html
$13.72,4,1550,0.59808,http://www.hobbyking.com/hobbyking/store/__7315__Rhino_1550mAh_4S_14_8v_20C_Lipoly_Pack.html
$35.92,6,2700,0.59927,http://www.hobbyking.com/hobbyking/store/__21399__ZIPPY_Compact_2700mAh_6S_35C_Lipo_Pack.html
$29.94,5,2700,0.5994,http://www.hobbyking.com/hobbyking/store/__21398__ZIPPY_Compact_2700mAh_5S_35C_Lipo_Pack.html
$23.96,4,2700,0.5996,http://www.hobbyking.com/hobbyking/store/__21397__ZIPPY_Compact_2700mAh_4S_35C_Lipo_Pack.html
$39.99,4,4500,0.60045,http://www.hobbyking.com/hobbyking/store/__21003__Turnigy_4500mAh_4S_30C_hardcase_pack_ROAR_APPROVED_.html
$99.99,10,4500,0.60054,http://www.hobbyking.com/hobbyking/store/__14608__Turnigy_nano_tech_4500mah_10S_25_50C_Lipo_Pack.html
$77.61,6,5800,0.60275,http://www.hobbyking.com/hobbyking/store/__10288__Turnigy_5800mAh_6S_25C_Lipo_Pack.html
$51.74,4,5800,0.60275,http://www.hobbyking.com/hobbyking/store/__10287__Turnigy_5800mAh_4S_25C_Lipo_Pack.html
$19.64,4,2200,0.60319,http://www.hobbyking.com/hobbyking/store/__21394__ZIPPY_Compact_2200mAh_4S_35C_Lipo_Pack.html
$19.65,4,2200,0.6035,http://www.hobbyking.com/hobbyking/store/__11912__Turnigy_nano_tech_2200mah_4S_25_50C_Lipo_Pack.html
$16.11,4,1800,0.60473,http://www.hobbyking.com/hobbyking/store/__11909__Turnigy_nano_tech_1800mah_4S_25_50C_Lipo_Pack.html
$14.77,2,3300,0.60483,http://www.hobbyking.com/hobbyking/store/__11922__Turnigy_nano_tech_3300mah_2S_25_50C_Lipo_Pack.html
$53.73,6,4000,0.60507,http://www.hobbyking.com/hobbyking/store/__11929__Turnigy_nano_tech_4000mah_6S_25_50C_Lipo_Pack.html
$17.91,2,4000,0.60507,http://www.hobbyking.com/hobbyking/store/__11926__Turnigy_nano_tech_4000mah_2S_25_50C_Lipo_Pack.html
$44.33,6,3300,0.60511,http://www.hobbyking.com/hobbyking/store/__11925__Turnigy_nano_tech_3300mah_6S_25_50C_Lipo_Pack.html
$20.15,2,4500,0.60511,http://www.hobbyking.com/hobbyking/store/__11930__Turnigy_nano_tech_4500mah_2S_25_50C_Lipo_Pack.html
$60.45,6,4500,0.60511,http://www.hobbyking.com/hobbyking/store/__11933__Turnigy_nano_tech_4500mah_6S_25_50C_Lipo_Pack.html
$22.39,2,5000,0.60514,http://www.hobbyking.com/hobbyking/store/__11934__Turnigy_nano_tech_5000mah_2S_25_50C_Lipo_Pack.html
$80.61,6,6000,0.60518,http://www.hobbyking.com/hobbyking/store/__11941__Turnigy_nano_tech_6000mah_6S_25_50C_Lipo_Pack.html
$26.87,3,4000,0.60518,http://www.hobbyking.com/hobbyking/store/__11927__Turnigy_nano_tech_4000mah_3S_25_50C_Lipo_Pack.html
$55.98,5,5000,0.60519,http://www.hobbyking.com/hobbyking/store/__14613__Turnigy_nano_tech_5000mah_5S_25_50C_Lipo_Pack.html
$44.79,5,4000,0.60527,http://www.hobbyking.com/hobbyking/store/__14610__Turnigy_nano_tech_4000mah_5S_25_50C_Lipo_Pack.html
$103.95,8,5800,0.60549,http://www.hobbyking.com/hobbyking/store/__10870__Turnigy_5800mAh_8S_25C_Lipo_Pack.html
$40.37,6,3000,0.60616,http://www.hobbyking.com/hobbyking/store/__11921__Turnigy_nano_tech_3000mah_6S_25_50C_Lipo_Pack.html
$89.83,5,8000,0.60696,http://www.hobbyking.com/hobbyking/store/__18209__Turnigy_nano_tech_8000mAh_5S_25_50C_Lipo_Pack.html
$89.99,10,4000,0.60804,http://www.hobbyking.com/hobbyking/store/__24297__Turnigy_nano_tech_A_SPEC_4000mah_10S_65_130C_Lipo_Pack.html
$23.41,2,5200,0.60837,http://www.hobbyking.com/hobbyking/store/__21002__Turnigy_5200mAh_2S_30C_Hard_Case_Car_Lipo_Pack_ROAR_APPROVED_.html
$49.99,6,3700,0.6086,http://www.hobbyking.com/hobbyking/store/__9341__Rhino_3700mAh_6S_22_2v_25C_Lipoly_Pack.html
$40.55,5,3600,0.60886,http://www.hobbyking.com/hobbyking/store/__9507__Turnigy_3600mAh_5S_30C_Lipo_Pack.html
$11.75,4,1300,0.61071,http://www.hobbyking.com/hobbyking/store/__21339__ZIPPY_Compact_1300mAh_4S_25C_Lipo_Pack.html
$14.95,2,3300,0.6122,http://www.hobbyking.com/hobbyking/store/__9499__Turnigy_3300mAh_2S_30C_Lipo_Pack.html
$44.85,6,3300,0.6122,http://www.hobbyking.com/hobbyking/store/__9503__Turnigy_3300mAh_6S_30C_Lipo_Pack.html
$48.99,6,3600,0.61299,http://www.hobbyking.com/hobbyking/store/__9508__Turnigy_3600mAh_6S_30C_Lipo_Pack.html
$51.08,5,4500,0.61357,http://www.hobbyking.com/hobbyking/store/__21423__ZIPPY_Compact_4500mAh_5S_35C_Lipo_Pack.html
$9.99,2,2200,0.61364,http://www.hobbyking.com/hobbyking/store/__8935__Turnigy_2200mAh_2S_25C_Lipo_Pack.html
$14.99,3,2200,0.61384,http://www.hobbyking.com/hobbyking/store/__10383__Turnigy_2200mAh_3S_35C_Lipo_Pack.html
$29.99,4,3300,0.61405,http://www.hobbyking.com/hobbyking/store/__9501__Turnigy_3300mAh_4S_30C_Lipo_Pack.html
$109.06,6,8000,0.61408,http://www.hobbyking.com/hobbyking/store/__18210__Turnigy_nano_tech_8000mAh_6S_25_50C_Lipo_Pack.html
$17.90,3,2620,0.6155,http://www.hobbyking.com/hobbyking/store/__7346__Rhino_2620mAh_3S_11_1v_Low_Discharge_Transmitter_Lipoly_Pack_.html
$34.19,5,3000,0.61604,http://www.hobbyking.com/hobbyking/store/__9488__Turnigy_3000mAh_5S_30C_Lipo_Pack.html
$24.70,3,3600,0.61812,http://www.hobbyking.com/hobbyking/store/__9505__Turnigy_3600mAh_3S_30C_Lipo_Pack.html
$4.81,2,1050,0.61905,http://www.hobbyking.com/hobbyking/store/__7307__Rhino_1050mah_2S_7_4v_20C_Lipoly_Pack.html
$8.26,2,1800,0.62012,http://www.hobbyking.com/hobbyking/store/__17291__Turnigy_nano_tech_1800mah_2S_20_40C_Lipo_AIRSOFT_Pack.html
$12.39,3,1800,0.62012,http://www.hobbyking.com/hobbyking/store/__17292__Turnigy_nano_tech_1800mah_3S_20_40C_Lipo_AIRSOFT_Pack.html
$8.95,3,1300,0.62024,http://www.hobbyking.com/hobbyking/store/__9272__Turnigy_1300mAh_3S_20C_Lipo_Pack.html
$115.18,10,5000,0.62259,http://www.hobbyking.com/hobbyking/store/__14609__Turnigy_nano_tech_5000mah_10S_25_50C_Lipo_Pack.html
$18.43,2,4000,0.62264,http://www.hobbyking.com/hobbyking/store/__21004__Turnigy_4000mAh_2S_30C_hardcase_pack_ROAR_APPROVED_.html
$8.30,2,1800,0.62312,http://www.hobbyking.com/hobbyking/store/__21342__ZIPPY_Compact_1800mAh_2S_25C_Lipo_Pack.html
$30.50,6,2200,0.62449,http://www.hobbyking.com/hobbyking/store/__9462__Turnigy_2200mAh_6S_30C_Lipo_Pack.html
$25.42,5,2200,0.62457,http://www.hobbyking.com/hobbyking/store/__9461__Turnigy_2200mAh_5S_30C_Lipo_Pack.html
$49.99,8,2700,0.6255,http://www.hobbyking.com/hobbyking/store/__21401__ZIPPY_Compact_2700mAh_8S_35C_Lipo_Pack.html
$11.60,1,5000,0.62703,http://www.hobbyking.com/hobbyking/store/__18562__Turnigy_5000mAh_1S_40C_Lipoly_Single_Cell_.html
$66.89,4,7200,0.62772,http://www.hobbyking.com/hobbyking/store/__38502__Turnigy_7200mAh_4S_14_8V_40C_Hardcase_Pack.html
$9.99,2,2150,0.62791,http://www.hobbyking.com/hobbyking/store/__9316__Rhino_2150mAh_2S_7_4v_30C_Lipoly_Pack.html
$4.65,2,1000,0.62838,http://www.hobbyking.com/hobbyking/store/__9170__Turnigy_1000mAh_2S_20C_Lipo_Pack.html
$26.99,2,5800,0.62884,http://www.hobbyking.com/hobbyking/store/__21379__ZIPPY_Compact_5800mAh_2S_25C_Lipo_Pack.html
$68.47,6,4900,0.62944,http://www.hobbyking.com/hobbyking/store/__9315__Rhino_4900mAh_6S_22_2v_25C_Lipoly_Pack.html
$13.99,2,3000,0.63018,http://www.hobbyking.com/hobbyking/store/__11918__Turnigy_nano_tech_3000mah_2S_25_50C_Lipo_Pack.html
$2.80,1,1200,0.63063,http://www.hobbyking.com/hobbyking/store/__23320__Turnigy_nano_tech_1200mah_1S_15C_Round_Lipo_.html
$10.29,2,2200,0.63206,http://www.hobbyking.com/hobbyking/store/__21345__ZIPPY_Compact_2200mAh_2S_25C_Lipo_Pack.html
$12.67,3,1800,0.63413,http://www.hobbyking.com/hobbyking/store/__17294__Turnigy_nano_tech_1800mah_3S_20_40C_Lipo_AIRSOFT_Pack.html
$38.89,5,3300,0.63702,http://www.hobbyking.com/hobbyking/store/__21405__ZIPPY_Compact_3300mAh_5S_35C_Lipo_Pack.html
$70.98,6,5000,0.63946,http://www.hobbyking.com/hobbyking/store/__10308__Turnigy_5000mAh_6S_40C_Lipo_Pack.html
$5.92,2,1250,0.64,http://www.hobbyking.com/hobbyking/store/__7310__Rhino_1250mAh_2S_7_4v_20C_Lipoly_Pack_.html
$8.55,2,1800,0.64189,http://www.hobbyking.com/hobbyking/store/__17293__Turnigy_nano_tech_1800mah_2S_20_40C_Lipo_AIRSOFT_Pack.html
$45.12,7,2700,0.64522,http://www.hobbyking.com/hobbyking/store/__21400__ZIPPY_Compact_2700mAh_7S_35C_Lipo_Pack.html
$19.36,3,2700,0.64598,http://www.hobbyking.com/hobbyking/store/__21396__ZIPPY_Compact_2700mAh_3S_35C_Lipo_Pack.html
$12.92,2,2700,0.64665,http://www.hobbyking.com/hobbyking/store/__21395__ZIPPY_Compact_2700mAh_2S_35C_Lipo_Pack.html
$107.95,10,4500,0.64835,http://www.hobbyking.com/hobbyking/store/__21428__ZIPPY_Compact_4500mAh_10S_35C_Lipo_Pack.html
$27.86,2,5800,0.64911,http://www.hobbyking.com/hobbyking/store/__10285__Turnigy_5800mAh_2S_25C_Lipo_Pack.html
$41.79,3,5800,0.64911,http://www.hobbyking.com/hobbyking/store/__10286__Turnigy_5800mAh_3S_25C_Lipo_Pack.html
$43.29,6,3000,0.65,http://www.hobbyking.com/hobbyking/store/__9489__Turnigy_3000mAh_6S_30C_Lipo_Pack.html
$8.68,2,1800,0.65165,http://www.hobbyking.com/hobbyking/store/__11907__Turnigy_nano_tech_1800mah_2S_25_50C_Lipo_Pack.html
$32.55,3,4500,0.65165,http://www.hobbyking.com/hobbyking/store/__11931__Turnigy_nano_tech_4500mah_3S_25_50C_Lipo_Pack.html
$72.35,6,5000,0.6518,http://www.hobbyking.com/hobbyking/store/__11937__Turnigy_nano_tech_5000mah_6S_25_50C_Lipo_Pack.html
$28.94,2,6000,0.6518,http://www.hobbyking.com/hobbyking/store/__11938__Turnigy_nano_tech_6000mah_2S_25_50C_Lipo_Pack.html
$43.41,4,4500,0.6518,http://www.hobbyking.com/hobbyking/store/__11932__Turnigy_nano_tech_4500mah_4S_25_50C_Lipo_Pack.html
$38.59,4,4000,0.65186,http://www.hobbyking.com/hobbyking/store/__11928__Turnigy_nano_tech_4000mah_4S_25_50C_Lipo_Pack.html
$28.99,4,3000,0.65293,http://www.hobbyking.com/hobbyking/store/__9498__Turnigy_3000mAh_4S_30C_Lipo_Pack.html
$6.29,2,1300,0.65385,http://www.hobbyking.com/hobbyking/store/__9165__Turnigy_1300mAh_2S_20C_Lipo_Pack.html
$2.42,1,1000,0.65405,http://www.hobbyking.com/hobbyking/store/__18557__Turnigy_1000mAh_1S_20C_Lipoly_Single_Cell_.html
$21.79,3,3000,0.65435,http://www.hobbyking.com/hobbyking/store/__9497__Turnigy_3000mAh_3S_30C_Lipo_Pack.html
$7.75,2,1600,0.65456,http://www.hobbyking.com/hobbyking/store/__9166__Turnigy_1600mAh_2S_20C_Lipo_Pack.html
$9.49,3,1300,0.65766,http://www.hobbyking.com/hobbyking/store/__21338__ZIPPY_Compact_1300mAh_3S_25C_Lipo_Pack.html
$58.50,6,4000,0.65878,http://www.hobbyking.com/hobbyking/store/__9513__Turnigy_4000mAh_6S_30C_Lipo_Pack.html
$6.34,2,1300,0.65904,http://www.hobbyking.com/hobbyking/store/__21337__ZIPPY_Compact_1300mAh_2S_25C_Lipo_Pack.html
$11.96,2,2450,0.65968,http://www.hobbyking.com/hobbyking/store/__10273__Turnigy_2450mAh_2S_30C_Lipo_Pack.html
$8.81,2,1800,0.66141,http://www.hobbyking.com/hobbyking/store/__9169__Turnigy_1800mAh_2S_20C_Lipo_Pack.html
$23.99,4,2450,0.66161,http://www.hobbyking.com/hobbyking/store/__10275__Turnigy_2450mAh_4S_30C_Lipo_Pack.html
$49.00,4,5000,0.66216,http://www.hobbyking.com/hobbyking/store/__38499__Turnigy_5000mAh_4S_14_8V_60C_Hardcase_Pack.html
$64.96,4,6600,0.66503,http://www.hobbyking.com/hobbyking/store/__38501__Turnigy_6600mAh_4S_14_8V_60C_Hardcase_Pack.html
$40.61,5,3300,0.66519,http://www.hobbyking.com/hobbyking/store/__9502__Turnigy_3300mAh_5S_30C_Lipo_Pack.html
$19.75,2,4000,0.66723,http://www.hobbyking.com/hobbyking/store/__10301__Turnigy_4000mAh_2S_40C_Lipo_Pack.html
$29.63,3,4000,0.66734,http://www.hobbyking.com/hobbyking/store/__10302__Turnigy_4000mAh_3S_40C_Lipo_Pack.html
$59.28,6,4000,0.66757,http://www.hobbyking.com/hobbyking/store/__10304__Turnigy_4000mAh_6S_40C_Lipo_Pack.html
$8.40,2,1700,0.66773,http://www.hobbyking.com/hobbyking/store/__15088__Turnigy_1700mAh_2S_20C_Lipo_Pack_Suits_1_16th_Monster_Beatle_SCT_Buggy_.html
$16.03,3,2150,0.67169,http://www.hobbyking.com/hobbyking/store/__9317__Rhino_2150mAh_3S_11_1v_25C_Lipoly_Pack.html
$8.97,3,1200,0.67342,http://www.hobbyking.com/hobbyking/store/__17276__Turnigy_nano_tech_1200mah_3S_15_25C_Lipo_AIRSOFT_Pack.html
$5.98,2,1200,0.67342,http://www.hobbyking.com/hobbyking/store/__17275__Turnigy_nano_tech_1200mah_2S_15_25C_Lipo_AIRSOFT_Pack.html
$14.95,3,2000,0.67342,http://www.hobbyking.com/hobbyking/store/__17284__Turnigy_nano_tech_2000mah_3S_15_25C_Lipo_AIRSOFT_Pack.html
$17.94,2,3600,0.67342,http://www.hobbyking.com/hobbyking/store/__28006__Turnigy_3600mAh_2S_12C_Lipo_Receiver_Pack.html
$9.97,2,2000,0.67365,http://www.hobbyking.com/hobbyking/store/__17283__Turnigy_nano_tech_2000mah_2S_15_25C_Lipo_AIRSOFT_Pack.html
$10.47,3,1400,0.67375,http://www.hobbyking.com/hobbyking/store/__17280__Turnigy_nano_tech_1400mah_3S_15_25C_Lipo_AIRSOFT_Pack.html
$55.92,4,5600,0.67471,http://www.hobbyking.com/hobbyking/store/__38500__Turnigy_5600mAh_4S_14_8V_60C_Hardcase_Pack.html
$6.99,2,1400,0.67471,http://www.hobbyking.com/hobbyking/store/__17279__Turnigy_nano_tech_1400mah_2S_15_25C_Lipo_AIRSOFT_Pack.html
$17.99,4,1800,0.6753,http://www.hobbyking.com/hobbyking/store/__25513__ZIPPY_Compact_1800mAh_4S_35C_Lipo_Pack.html
$29.99,4,3000,0.67545,http://www.hobbyking.com/hobbyking/store/__10100__Turnigy_3000mAh_4S_35C_Lipo_Pack.html
$49.99,4,5000,0.67554,http://www.hobbyking.com/hobbyking/store/__9516__Turnigy_5000mAh_4S_30C_Lipo_Pack.html
$8.00,2,1600,0.67568,http://www.hobbyking.com/hobbyking/store/__17065__Turnigy_1600mAh_2S_20C_Losi_Mini_SCT_Pack.html
$13.26,2,2650,0.67619,http://www.hobbyking.com/hobbyking/store/__11914__Turnigy_nano_tech_2650mah_2S_25_50C_Lipo_Pack.html
$75.20,6,5000,0.67748,http://www.hobbyking.com/hobbyking/store/__38515__Turnigy_Heavy_Duty_Series_5000mAh_6S_60C_Lipo_Pack.html
$64.40,4,6400,0.6799,http://www.hobbyking.com/hobbyking/store/__38506__Turnigy_6400mAh_4S_14_8V_60C_Hardcase_Pack_Removable_Leads_.html
$55.90,6,3700,0.68055,http://www.hobbyking.com/hobbyking/store/__21415__ZIPPY_Compact_3700mAh_6S_35C_Lipo_Pack.html
$46.59,5,3700,0.68064,http://www.hobbyking.com/hobbyking/store/__21414__ZIPPY_Compact_3700mAh_5S_35C_Lipo_Pack.html
$37.28,4,3700,0.68079,http://www.hobbyking.com/hobbyking/store/__21413__ZIPPY_Compact_3700mAh_4S_35C_Lipo_Pack.html
$27.97,3,3700,0.68103,http://www.hobbyking.com/hobbyking/store/__21412__ZIPPY_Compact_3700mAh_3S_35C_Lipo_Pack.html
$25.20,2,5000,0.68108,http://www.hobbyking.com/hobbyking/store/__9514__Turnigy_5000mAh_2S_30C_Lipo_Pack.html
$50.40,4,5000,0.68108,http://www.hobbyking.com/hobbyking/store/__38504__Turnigy_5000mAh_4S_14_8V_60C_Hardcase_Pack_Removable_Leads_.html
$99.99,12,3300,0.68243,http://www.hobbyking.com/hobbyking/store/__26786__Turnigy_nano_tech_A_SPEC_3300mah_12S_65_130C_Lipo_Pack.html
$90.93,8,4500,0.68266,http://www.hobbyking.com/hobbyking/store/__21426__ZIPPY_Compact_4500mAh_8S_35C_Lipo_Pack.html
$79.57,7,4500,0.68271,http://www.hobbyking.com/hobbyking/store/__21425__ZIPPY_Compact_4500mAh_7S_35C_Lipo_Pack.html
$68.21,6,4500,0.68278,http://www.hobbyking.com/hobbyking/store/__21424__ZIPPY_Compact_4500mAh_6S_35C_Lipo_Pack.html
$9.10,2,1800,0.68318,http://www.hobbyking.com/hobbyking/store/__28005__Turnigy_1800mAh_2S_12C_Lipo_Receiver_Pack.html
$10.87,2,2150,0.68322,http://www.hobbyking.com/hobbyking/store/__9312__Rhino_2150mAh_2S_7_4v_25C_Lipoly_Pack_.html
$34.13,3,4500,0.68328,http://www.hobbyking.com/hobbyking/store/__21421__ZIPPY_Compact_4500mAh_3S_35C_Lipo_Pack.html
$22.77,2,4500,0.68378,http://www.hobbyking.com/hobbyking/store/__21420__ZIPPY_Compact_4500mAh_2S_35C_Lipo_Pack.html
$11.78,3,1550,0.68468,http://www.hobbyking.com/hobbyking/store/__9326__Rhino_1550mAh_3S_11_1v_30C_Lipoly_Pack.html
$15.26,3,2000,0.68739,http://www.hobbyking.com/hobbyking/store/__17286__Turnigy_nano_tech_2000mah_3S_15_25C_Lipo_AIRSOFT_Pack.html
$25.47,2,5000,0.68838,http://www.hobbyking.com/hobbyking/store/__10305__Turnigy_5000mAh_2S_40C_Lipo_Pack.html
$16.85,3,2200,0.69001,http://www.hobbyking.com/hobbyking/store/__21393__ZIPPY_Compact_2200mAh_3S_35C_Lipo_Pack.html
$2.56,1,1000,0.69189,http://www.hobbyking.com/hobbyking/store/__23319__Turnigy_nano_tech_1000mah_1S_15C_Round_Lipo.html
$9.99,3,1300,0.69231,http://www.hobbyking.com/hobbyking/store/__9493__Turnigy_1300mAh_3S_30C_Lipo_Pack.html
$9.99,3,1300,0.69231,http://www.hobbyking.com/hobbyking/store/__8936__Turnigy_1300mAh_3S_25C_Lipo_Pack.html
$57.40,4,5600,0.69257,http://www.hobbyking.com/hobbyking/store/__38505__Turnigy_5600mAh_4S_14_8V_60C_Hardcase_Pack_Removable_Leads_.html
$10.77,3,1400,0.69305,http://www.hobbyking.com/hobbyking/store/__17282__Turnigy_nano_tech_1400mah_3S_15_25C_Lipo_AIRSOFT_Pack.html
$37.73,6,2450,0.69369,http://www.hobbyking.com/hobbyking/store/__10276__Turnigy_2450mAh_6S_30C_Lipo_Pack.html
$10.28,2,2000,0.69459,http://www.hobbyking.com/hobbyking/store/__17285__Turnigy_nano_tech_2000mah_2S_15_25C_Lipo_AIRSOFT_Pack.html
$16.99,3,2200,0.69574,http://www.hobbyking.com/hobbyking/store/__10279__Turnigy_2200mAh_3S_40C_Lipo_Pack.html
$9.27,3,1200,0.69595,http://www.hobbyking.com/hobbyking/store/__17278__Turnigy_nano_tech_1200mah_3S_15_25C_Lipo_AIRSOFT_Pack.html
$40.97,6,2650,0.69641,http://www.hobbyking.com/hobbyking/store/__11917__Turnigy_nano_tech_2650mah_6S_25_50C_Lipo_Pack.html
$6.19,2,1200,0.69707,http://www.hobbyking.com/hobbyking/store/__17277__Turnigy_nano_tech_1200mah_2S_15_25C_Lipo_AIRSOFT_Pack.html
$13.44,4,1300,0.69854,http://www.hobbyking.com/hobbyking/store/__9366__Turnigy_1300mAh_4S_30C_Lipo_Pack.html
$41.13,6,2650,0.69913,http://www.hobbyking.com/hobbyking/store/__11948__Turnigy_nano_tech_2650mAh_6S_35_70C_Lipo_Pack.html
$6.73,2,1300,0.69958,http://www.hobbyking.com/hobbyking/store/__11902__Turnigy_nano_tech_1300mah_2S_25_50C_Lipo_Pack.html
$20.20,6,1300,0.69993,http://www.hobbyking.com/hobbyking/store/__20962__Turnigy_1300mAh_6S_25C_Lipo_Pack_450_helicopter_HK_Trex_Rave_E4_etc_.html
$7.78,2,1500,0.7009,http://www.hobbyking.com/hobbyking/store/__37839__Turnigy_nano_tech_1500mAh_2S_20_40C_Lipo_AIRSOFT_Pack.html
$11.68,3,1500,0.7015,http://www.hobbyking.com/hobbyking/store/__37841__Turnigy_nano_tech_1500mAh_3S_20_40C_Lipo_AIRSOFT_Pack.html
$7.28,2,1400,0.7027,http://www.hobbyking.com/hobbyking/store/__17281__Turnigy_nano_tech_1400mah_2S_15_25C_Lipo_AIRSOFT_Pack.html
$25.76,3,3300,0.70325,http://www.hobbyking.com/hobbyking/store/__9500__Turnigy_3300mAh_3S_30C_Lipo_Pack.html
$26.04,2,5000,0.70378,http://www.hobbyking.com/hobbyking/store/__38498__Turnigy_5000mAh_2S_7_4V_60C_Hardcase_Pack.html
$15.64,2,3000,0.7045,http://www.hobbyking.com/hobbyking/store/__9496__Turnigy_3000mAh_2S_30C_Lipo_Pack.html
$34.45,6,2200,0.70536,http://www.hobbyking.com/hobbyking/store/__10281__Turnigy_2200mAh_6S_40C_Lipo_Pack.html
$5.75,1,2200,0.70639,http://www.hobbyking.com/hobbyking/store/__18559__Turnigy_2200mAh_1S_40C_Lipoly_Single_Cell_.html
$45.66,3,5800,0.70923,http://www.hobbyking.com/hobbyking/store/__21380__ZIPPY_Compact_5800mAh_3S_25C_Lipo_Pack.html
$23.69,2,4500,0.71141,http://www.hobbyking.com/hobbyking/store/__10282__Turnigy_4500mAh_2S_30C_Lipo_Pack_.html
$23.21,4,2200,0.71284,http://www.hobbyking.com/hobbyking/store/__11945__Turnigy_nano_tech_2200mah_4S_35_70C_Lipo_Pack.html
$27.99,4,2650,0.71367,http://www.hobbyking.com/hobbyking/store/__11916__Turnigy_nano_tech_2650mah_4S_25_50C_Lipo_Pack.html
$16.46,4,1550,0.71752,http://www.hobbyking.com/hobbyking/store/__9327__Rhino_1550mAh_4S_14_8v_25C_Lipoly_Pack.html
$29.89,3,3750,0.71808,http://www.hobbyking.com/hobbyking/store/__5723__Polyquest_3750mAh_3S_25C_Lipoly_Version_2_.html
$15.99,2,3000,0.72027,http://www.hobbyking.com/hobbyking/store/__10297__Turnigy_3000mAh_2S_40C_Lipo_Pack.html
$39.99,3,5000,0.72054,http://www.hobbyking.com/hobbyking/store/__9515__Turnigy_5000mAh_3S_30C_Lipo_Pack.html
$19.60,3,2450,0.72072,http://www.hobbyking.com/hobbyking/store/__10274__Turnigy_2450mAh_3S_30C_Lipo_Pack.html
$53.41,4,5000,0.72176,http://www.hobbyking.com/hobbyking/store/__11936__Turnigy_nano_tech_5000mah_4S_25_50C_Lipo_Pack.html
$2.41,1,900,0.72372,http://www.hobbyking.com/hobbyking/store/__23318__Turnigy_nano_tech_900mah_1S_15C_Round_Lipo.html
$17.16,4,1600,0.72466,http://www.hobbyking.com/hobbyking/store/__21391__ZIPPY_Compact_1600mAh_4S_35C_Lipo_Pack.html
$17.17,4,1600,0.72508,http://www.hobbyking.com/hobbyking/store/__9457__Turnigy_1600mAh_4S_30C_Lipo_Pack.html
$19.33,4,1800,0.7256,http://www.hobbyking.com/hobbyking/store/__11942__Turnigy_nano_tech_1800mah_4S_35_70C_Lipo_Pack.html
$12.09,3,1500,0.72613,http://www.hobbyking.com/hobbyking/store/__26565__Turnigy_1500mAh_3S_25C_Lipo_Pack.html
$17.75,2,3300,0.72686,http://www.hobbyking.com/hobbyking/store/__17238__Turnigy_nano_tech_3300mah_2S_35_70C_Lipo_Pack.html
$53.79,5,4000,0.72689,http://www.hobbyking.com/hobbyking/store/__17243__Turnigy_nano_tech_4000mah_5S_35_70C_Lipo_Pack.html
$14.53,3,1800,0.72723,http://www.hobbyking.com/hobbyking/store/__17296__Turnigy_nano_tech_1800mah_3S_25_50C_Lipo_AIRSOFT_Pack.html
$32.29,3,4000,0.72725,http://www.hobbyking.com/hobbyking/store/__17241__Turnigy_nano_tech_4000mah_3S_35_70C_Lipo_Pack.html
$11.84,2,2200,0.72727,http://www.hobbyking.com/hobbyking/store/__11910__Turnigy_nano_tech_2200mah_2S_25_50C_Lipo_Pack.html
$24.22,2,4500,0.72733,http://www.hobbyking.com/hobbyking/store/__17246__Turnigy_nano_tech_4500mah_2S_35_70C_Lipo_Pack.html
$60.55,5,4500,0.72733,http://www.hobbyking.com/hobbyking/store/__17249__Turnigy_nano_tech_4500mah_5S_35_70C_Lipo_Pack.html
$21.53,2,4000,0.72736,http://www.hobbyking.com/hobbyking/store/__17240__Turnigy_nano_tech_4000mah_2S_35_70C_Lipo_Pack.html
$9.69,2,1800,0.72748,http://www.hobbyking.com/hobbyking/store/__17295__Turnigy_nano_tech_1800mah_2S_25_50C_Lipo_AIRSOFT_Pack.html
$48.46,4,4500,0.72763,http://www.hobbyking.com/hobbyking/store/__17248__Turnigy_nano_tech_4500mah_4S_35_70C_Lipo_Pack.html
$10.50,3,1300,0.72765,http://www.hobbyking.com/hobbyking/store/__17288__Turnigy_nano_tech_1300mah_3S_25_50C_Lipo_AIRSOFT_Pack.html
$36.35,3,4500,0.72773,http://www.hobbyking.com/hobbyking/store/__17247__Turnigy_nano_tech_4500mah_3S_35_70C_Lipo_Pack.html
$26.94,2,5000,0.72811,http://www.hobbyking.com/hobbyking/store/__17252__Turnigy_nano_tech_5000mah_2S_35_70C_Lipo_Pack.html
$35.57,4,3300,0.7283,http://www.hobbyking.com/hobbyking/store/__21404__ZIPPY_Compact_3300mAh_4S_35C_Lipo_Pack.html
$26.69,3,3300,0.72864,http://www.hobbyking.com/hobbyking/store/__21403__ZIPPY_Compact_3300mAh_3S_35C_Lipo_Pack.html
$7.01,2,1300,0.72869,http://www.hobbyking.com/hobbyking/store/__17287__Turnigy_nano_tech_1300mah_2S_25_50C_Lipo_AIRSOFT_Pack.html
$67.42,5,5000,0.72886,http://www.hobbyking.com/hobbyking/store/__17255__Turnigy_nano_tech_5000mah_5S_35_70C_Lipo_Pack.html
$8.63,2,1600,0.72889,http://www.hobbyking.com/hobbyking/store/__9455__Turnigy_1600mAh_2S_30C_Lipo_Pack.html
$12.14,3,1500,0.72913,http://www.hobbyking.com/hobbyking/store/__37843__Turnigy_nano_tech_1500mAh_3S_20_40C_Lipo_AIRSOFT_Pack.html
$64.75,4,6000,0.72917,http://www.hobbyking.com/hobbyking/store/__11940__Turnigy_nano_tech_6000mah_4S_25_50C_Lipo_Pack.html
$48.57,3,6000,0.72928,http://www.hobbyking.com/hobbyking/store/__11939__Turnigy_nano_tech_6000mah_3S_25_50C_Lipo_Pack.html
$26.72,3,3300,0.72946,http://www.hobbyking.com/hobbyking/store/__11923__Turnigy_nano_tech_3300mah_3S_25_50C_Lipo_Pack.html
$8.11,2,1500,0.73063,http://www.hobbyking.com/hobbyking/store/__37842__Turnigy_nano_tech_1500mAh_2S_20_40C_Lipo_AIRSOFT_Pack.html
$23.80,2,4400,0.73096,http://www.hobbyking.com/hobbyking/store/__38503__Turnigy_4400mAh_2S_7_4V_60C_Hardcase_Pack.html
$73.05,6,4500,0.73123,http://www.hobbyking.com/hobbyking/store/__10284__Turnigy_4500mAh_6S_30C_Lipo_Pack.html
$53.60,6,3300,0.73164,http://www.hobbyking.com/hobbyking/store/__17239__Turnigy_nano_tech_3300mah_6S_35_70C_Lipo_Pack.html
$11.96,2,2200,0.73464,http://www.hobbyking.com/hobbyking/store/__9459__Turnigy_2200mAh_2S_30C_Lipo_Pack.html
$10.89,4,1000,0.73581,http://www.hobbyking.com/hobbyking/store/__18201__Turnigy_nano_tech_1000mah_4S_25_50C_Lipo_Pack.html
$10.89,4,1000,0.73581,http://www.hobbyking.com/hobbyking/store/__9492__Turnigy_1000mAh_4S_30C_Lipo_Pack.html
$26.69,4,2450,0.73607,http://www.hobbyking.com/hobbyking/store/__25515__ZIPPY_Compact_2450mAh_4S_35C_Lipo_Pack.html
$11.99,2,2200,0.73649,http://www.hobbyking.com/hobbyking/store/__10278__Turnigy_2200mAh_2S_40C_Lipo_Pack.html
$36.79,3,4500,0.73654,http://www.hobbyking.com/hobbyking/store/__10283__Turnigy_4500mAh_3S_30C_Lipo_Pack.html
$17.99,3,2200,0.73669,http://www.hobbyking.com/hobbyking/store/__11911__Turnigy_nano_tech_2200mah_3S_25_50C_Lipo_Pack.html
$23.99,4,2200,0.73679,http://www.hobbyking.com/hobbyking/store/__9460__Turnigy_2200mAh_4S_30C_Lipo_Pack.html
$9.28,4,850,0.73768,http://www.hobbyking.com/hobbyking/store/__18200__Turnigy_nano_tech_850mah_4S_25_50C_Lipo_Pack.html
$6.97,3,850,0.73874,http://www.hobbyking.com/hobbyking/store/__21332__ZIPPY_Compact_850mAh_3S_25C_Lipo_Pack.html
$20.09,3,2450,0.73874,http://www.hobbyking.com/hobbyking/store/__25514__ZIPPY_Compact_2450mAh_3S_35C_Lipo_Pack.html
$21.32,6,1300,0.73874,http://www.hobbyking.com/hobbyking/store/__20963__Turnigy_1300mAh_6S_35C_Lipo_Pack_450_helicopter_HK_Trex_Rave_E4_etc_.html
$73.96,6,4500,0.74034,http://www.hobbyking.com/hobbyking/store/__17250__Turnigy_nano_tech_4500mah_6S_35_70C_Lipo_Pack.html
$82.24,6,5000,0.7409,http://www.hobbyking.com/hobbyking/store/__17256__Turnigy_nano_tech_5000mah_6S_35_70C_Lipo_Pack.html
$109.68,10,4000,0.74108,http://www.hobbyking.com/hobbyking/store/__14614__Turnigy_nano_tech_4000mah_10S_45_90C_Lipo_Pack.html
$14.81,3,1800,0.74124,http://www.hobbyking.com/hobbyking/store/__17298__Turnigy_nano_tech_1800mah_3S_25_50C_Lipo_AIRSOFT_Pack.html
$5.49,2,1000,0.74189,http://www.hobbyking.com/hobbyking/store/__21333__ZIPPY_Compact_1000mAh_2S_25C_Lipo_Pack.html
$19.79,2,3600,0.74287,http://www.hobbyking.com/hobbyking/store/__9504__Turnigy_3600mAh_2S_30C_Lipo_Pack.html
$54.99,4,5000,0.74311,http://www.hobbyking.com/hobbyking/store/__10096__Turnigy_5000mAh_4S_35C_Lipo_Pack.html
$24.26,4,2200,0.74509,http://www.hobbyking.com/hobbyking/store/__10280__Turnigy_2200mAh_4S_40C_Lipo_Pack.html
$10.79,3,1300,0.74775,http://www.hobbyking.com/hobbyking/store/__17290__Turnigy_nano_tech_1300mah_3S_25_50C_Lipo_AIRSOFT_Pack.html
$9.97,2,1800,0.7485,http://www.hobbyking.com/hobbyking/store/__17297__Turnigy_nano_tech_1800mah_2S_25_50C_Lipo_AIRSOFT_Pack.html
$138.68,10,5000,0.74962,http://www.hobbyking.com/hobbyking/store/__17257__Turnigy_nano_tech_5000mah_10S_35_70C_Lipo_Pack.html
$9.99,2,1800,0.75,http://www.hobbyking.com/hobbyking/store/__10289__Turnigy_1800mAh_2S_40C_Lipo_Pack.html
$39.99,4,3600,0.75056,http://www.hobbyking.com/hobbyking/store/__9506__Turnigy_3600mAh_4S_30C_Lipo_Pack_Suits_HK_500_.html
$125.01,10,4500,0.75081,http://www.hobbyking.com/hobbyking/store/__17251__Turnigy_nano_tech_4500mah_10S_35_70C_Lipo_Pack.html
$30.14,6,1800,0.75425,http://www.hobbyking.com/hobbyking/store/__10292__Turnigy_1800mAh_6S_40C_Lipo_Pack.html
$67.17,6,4000,0.75642,http://www.hobbyking.com/hobbyking/store/__17244__Turnigy_nano_tech_4000mah_6S_35_70C_Lipo_Pack.html
$7.29,2,1300,0.7578,http://www.hobbyking.com/hobbyking/store/__17289__Turnigy_nano_tech_1300mah_2S_25_50C_Lipo_AIRSOFT_Pack.html
$5.90,2,1050,0.75933,http://www.hobbyking.com/hobbyking/store/__9324__Rhino_1050mAh_2S_7_4v_30C_Lipoly_Pack.html
$17.99,4,1600,0.75971,http://www.hobbyking.com/hobbyking/store/__25511__ZIPPY_Compact_1600mAh_4S_25C_Lipo_Pack.html
$12.41,2,2200,0.76229,http://www.hobbyking.com/hobbyking/store/__21392__ZIPPY_Compact_2200mAh_2S_35C_Lipo_Pack.html
$14.95,2,2650,0.76237,http://www.hobbyking.com/hobbyking/store/__10293__Turnigy_2650mAh_2S_40C_Lipo_Pack.html
$29.99,4,2650,0.76466,http://www.hobbyking.com/hobbyking/store/__11947__Turnigy_nano_tech_2650mah_4S_35_70C_Lipo_Pack.html
$8.49,2,1500,0.76486,http://www.hobbyking.com/hobbyking/store/__26564__Turnigy_1500mAh_2S_25C_Lipoly_Battery.html
$99.99,7,5000,0.77212,http://www.hobbyking.com/hobbyking/store/__24303__Turnigy_nano_tech_A_SPEC_5000mah_7S_65_130C_Lipo_Pack.html
$42.97,3,5000,0.77423,http://www.hobbyking.com/hobbyking/store/__11935__Turnigy_nano_tech_5000mah_3S_25_50C_Lipo_Pack.html
$11.46,4,1000,0.77432,http://www.hobbyking.com/hobbyking/store/__21390__ZIPPY_Compact_1000mAh_4S_35C_Lipo_Pack.html
$11.18,3,1300,0.77477,http://www.hobbyking.com/hobbyking/store/__11903__Turnigy_nano_tech_1300mah_3S_25_50C_Lipo_Pack.html
$51.66,6,3000,0.77568,http://www.hobbyking.com/hobbyking/store/__10101__Turnigy_3000mAh_6S_35C_Lipo_Pack.html
$25.83,3,3000,0.77568,http://www.hobbyking.com/hobbyking/store/__10099__Turnigy_3000mAh_3S_35C_Lipo_Pack.html
$18.99,3,2200,0.77764,http://www.hobbyking.com/hobbyking/store/__11944__Turnigy_nano_tech_2200mah_3S_35_70C_Lipo_Pack.html
$115.39,10,4000,0.77966,http://www.hobbyking.com/hobbyking/store/__17245__Turnigy_nano_tech_4000mah_10S_35_70C_Lipo_Pack.html
$25.99,3,3000,0.78048,http://www.hobbyking.com/hobbyking/store/__10298__Turnigy_3000mAh_3S_40C_Lipo_Pack.html
$22.99,3,2650,0.78157,http://www.hobbyking.com/hobbyking/store/__11946__Turnigy_nano_tech_2650mah_3S_35_70C_Lipo_Pack.html
$30.70,4,2650,0.78276,http://www.hobbyking.com/hobbyking/store/__9266__Turnigy_2650mAh_4S_30C_Lipo_Pack.html
$46.35,4,4000,0.78294,http://www.hobbyking.com/hobbyking/store/__17242__Turnigy_nano_tech_4000mah_4S_35_70C_Lipo_Pack.html
$57.99,4,5000,0.78365,http://www.hobbyking.com/hobbyking/store/__17254__Turnigy_nano_tech_5000mah_4S_35_70C_Lipo_Pack.html
$43.53,3,5000,0.78432,http://www.hobbyking.com/hobbyking/store/__17253__Turnigy_nano_tech_5000mah_3S_35_70C_Lipo_Pack.html
$12.77,2,2200,0.7844,http://www.hobbyking.com/hobbyking/store/__20390__Turnigy_nano_tech_2200mah_2S_40_80C_Lipo_Pack_TRA2820_Traxxas_1_16_models_.html
$6.97,2,1200,0.78491,http://www.hobbyking.com/hobbyking/store/__37844__Turnigy_nano_tech_1200mAh_2S_25_50C_Lipo_AIRSOFT_Pack.html
$15.69,3,1800,0.78529,http://www.hobbyking.com/hobbyking/store/__11908__Turnigy_nano_tech_1800mah_3S_25_50C_Lipo_Pack.html
$10.46,3,1200,0.78529,http://www.hobbyking.com/hobbyking/store/__37845__Turnigy_nano_tech_1200mAh_3S_25_50C_Lipo_AIRSOFT_Pack.html
$38.36,4,3300,0.78542,http://www.hobbyking.com/hobbyking/store/__11924__Turnigy_nano_tech_3300mah_4S_25_50C_Lipo_Pack.html
$26.19,3,3000,0.78649,http://www.hobbyking.com/hobbyking/store/__11919__Turnigy_nano_tech_3000mah_3S_25_50C_Lipo_Pack.html
$34.93,4,3000,0.78671,http://www.hobbyking.com/hobbyking/store/__11920__Turnigy_nano_tech_3000mah_4S_25_50C_Lipo_Pack.html
$9.32,2,1600,0.78716,http://www.hobbyking.com/hobbyking/store/__11904__Turnigy_nano_tech_1600mah_2S_25_50C_Lipo_Pack.html
$13.99,3,1600,0.78773,http://www.hobbyking.com/hobbyking/store/__11905__Turnigy_nano_tech_1600mah_3S_25_50C_Lipo_Pack.html
$30.99,4,2650,0.79016,http://www.hobbyking.com/hobbyking/store/__10295__Turnigy_2650mAh_4S_40C_Lipo_Pack.html
$13.21,3,1500,0.79339,http://www.hobbyking.com/hobbyking/store/__26451__Turnigy_nano_tech_1500mah_3S_25_50C_Lipo_Pack.html
$8.81,2,1500,0.79369,http://www.hobbyking.com/hobbyking/store/__26450__Turnigy_nano_tech_1500mah_2S_25_50C_Lipo_Pack.html
$7.50,3,850,0.79491,http://www.hobbyking.com/hobbyking/store/__11899__Turnigy_nano_tech_850mah_3S_25_40C_Lipo_Pack.html
$15.90,3,1800,0.7958,http://www.hobbyking.com/hobbyking/store/__10290__Turnigy_1800mAh_3S_40C_Lipo_Pack.html
$7.08,2,1200,0.7973,http://www.hobbyking.com/hobbyking/store/__37846__Turnigy_nano_tech_1200mAh_2S_25_50C_Lipo_AIRSOFT_Pack.html
$10.63,3,1200,0.79805,http://www.hobbyking.com/hobbyking/store/__37847__Turnigy_nano_tech_1200mAh_3S_25_50C_Lipo_AIRSOFT_Pack.html
$29.25,3,3300,0.79853,http://www.hobbyking.com/hobbyking/store/__21938__Turnigy_nano_tech_3300mah_3S_40_80C_Lipo_Pack_TRA2846_Slash_Rustler_Bandit_Stampede_compatible_.html
$34.31,2,5800,0.79939,http://www.hobbyking.com/hobbyking/store/__21937__Turnigy_nano_tech_5800mah_2S_40_80C_Lipo_Pack_TRA2843_.html
$23.67,2,4000,0.79966,http://www.hobbyking.com/hobbyking/store/__21936__Turnigy_nano_tech_4000mah_2S_40_80C_Lipo_Pack_TRA2841_Slash_Rustler_Bandit_Stampede_compatible_.html
$35.57,3,4000,0.80113,http://www.hobbyking.com/hobbyking/store/__21939__Turnigy_nano_tech_4000mah_3S_40_80C_Lipo_Pack_TRA2849_Slash_Rustler_Bandit_Stampede_compatible_.html
$59.36,2,10000,0.80216,http://www.hobbyking.com/hobbyking/store/__21940__Turnigy_nano_tech_10000mah_2S_40_80C_Lipo_Pack_TRA2854_Stampede_Rustler_Bandit_compatible_.html
$11.14,3,1250,0.80288,http://www.hobbyking.com/hobbyking/store/__9323__Rhino_1250mAh_3S_11_1v_30C_Lipoly_Pack_.html
$53.62,6,3000,0.80511,http://www.hobbyking.com/hobbyking/store/__10300__Turnigy_3000mAh_6S_40C_Lipo_Pack.html
$47.51,6,2650,0.80758,http://www.hobbyking.com/hobbyking/store/__10296__Turnigy_2650mAh_6S_40C_Lipo_Pack.html
$47.88,4,4000,0.80878,http://www.hobbyking.com/hobbyking/store/__9511__Turnigy_4000mAh_4S_30C_Lipo_Pack.html
$13.49,3,1500,0.81021,http://www.hobbyking.com/hobbyking/store/__25510__ZIPPY_Compact_1500mAh_3S_35C_Lipo_Pack.html
$59.99,4,5000,0.81068,http://www.hobbyking.com/hobbyking/store/__10307__Turnigy_5000mAh_4S_40C_Lipo_Pack.html
$26.42,4,2200,0.81143,http://www.hobbyking.com/hobbyking/store/__11952__Turnigy_nano_tech_2200mah_4S_45_90C_Lipo_Pack.html
$6.76,3,750,0.81201,http://www.hobbyking.com/hobbyking/store/__7292__Rhino_750mAh_3S_11_1v_20C_Lipoly_Pack.html
$16.24,2,2700,0.81281,http://www.hobbyking.com/hobbyking/store/__19127__Turnigy_nano_tech_2700mah_2S_65_130C_Lipo_Pack.html
$26.57,4,2200,0.81603,http://www.hobbyking.com/hobbyking/store/__10384__Turnigy_2200mAh_4S_35C_Lipo_Pack.html
$19.99,3,2200,0.81859,http://www.hobbyking.com/hobbyking/store/__11951__Turnigy_nano_tech_2200mah_3S_45_90C_Lipo_Pack.html
$20.52,3,2250,0.82162,http://www.hobbyking.com/hobbyking/store/__9612__Rhino_2250mAh_3S_11_1v_40C_Lipoly_Pack.html
$10.95,2,1800,0.82207,http://www.hobbyking.com/hobbyking/store/__9368__Turnigy_1800mAh_2S_30C_Lipo_Pack.html
$78.00,2,12800,0.82348,http://www.hobbyking.com/hobbyking/store/__21944__Turnigy_nano_tech_12800mah_2S_40_80C_Lipo_Pack_TRA2875_Summit_E_Revo_E_Maxx_compatible_.html
$70.60,6,3850,0.82602,http://www.hobbyking.com/hobbyking/store/__19142__Turnigy_nano_tech_3850mah_6S_65_130C_Lipo_Pack.html
$58.97,3,6400,0.8301,http://www.hobbyking.com/hobbyking/store/__21941__Turnigy_nano_tech_6400mah_3S_40_80C_Lipo_Pack_TRA2857_Stampede_Rustler_Bandit_compatible_.html
$108.14,7,5000,0.83506,http://www.hobbyking.com/hobbyking/store/__19157__Turnigy_nano_tech_5000mah_7S_65_130C_Lipo_Pack.html
$2.03,1,650,0.84407,http://www.hobbyking.com/hobbyking/store/__23317__Turnigy_nano_tech_650mAh_1S_15c_Round_Lipo.html
$24.88,3,2650,0.84583,http://www.hobbyking.com/hobbyking/store/__10294__Turnigy_2650mAh_3S_40C_Lipo_Pack.html
$70.58,5,4500,0.84781,http://www.hobbyking.com/hobbyking/store/__17661__Turnigy_nano_tech_4500mah_5S_45_90C_Lipo_Pack.html
$16.99,3,1800,0.85035,http://www.hobbyking.com/hobbyking/store/__9369__Turnigy_1800mAh_3S_30C_Lipo_Pack.html
$6.31,2,1000,0.8527,http://www.hobbyking.com/hobbyking/store/__9490__Turnigy_1000mAh_2S_30C_Lipo_Pack.html
$31.27,3,3300,0.85367,http://www.hobbyking.com/hobbyking/store/__11953__Turnigy_nano_tech_3300mah_3S_45_90C_Lipo_Pack.html
$63.19,4,5000,0.85392,http://www.hobbyking.com/hobbyking/store/__11957__Turnigy_nano_tech_5000mah_4S_45_90C_Lipo_Pack.html
$63.19,5,4000,0.85392,http://www.hobbyking.com/hobbyking/store/__14611__Turnigy_nano_tech_4000mah_5S_45_90C_Lipo_Pack.html
$75.83,6,4000,0.85394,http://www.hobbyking.com/hobbyking/store/__14612__Turnigy_nano_tech_4000mah_6S_45_90C_Lipo_Pack.html
$78.99,5,5000,0.85395,http://www.hobbyking.com/hobbyking/store/__14615__Turnigy_nano_tech_5000mah_5S_45_90C_Lipo_Pack.html
$94.81,6,5000,0.85414,http://www.hobbyking.com/hobbyking/store/__14616__Turnigy_nano_tech_5000mah_6S_45_90C_Lipo_Pack.html
$37.93,3,4000,0.85428,http://www.hobbyking.com/hobbyking/store/__11954__Turnigy_nano_tech_4000mah_3S_45_90C_Lipo_Pack.html
$50.26,6,2650,0.85433,http://www.hobbyking.com/hobbyking/store/__17259__Turnigy_nano_tech_2650mah_6S_45_90C_Lipo_Pack.html
$25.29,2,4000,0.85439,http://www.hobbyking.com/hobbyking/store/__17262__Turnigy_nano_tech_4000mah_2S_45_90C_Lipo_Pack.html
$62.61,6,3300,0.85463,http://www.hobbyking.com/hobbyking/store/__17261__Turnigy_nano_tech_3300mah_6S_45_90C_Lipo_Pack.html
$16.76,2,2650,0.85467,http://www.hobbyking.com/hobbyking/store/__17258__Turnigy_nano_tech_2650mah_2S_45_90C_Lipo_Pack.html
$31.67,2,5000,0.85595,http://www.hobbyking.com/hobbyking/store/__17264__Turnigy_nano_tech_5000mah_2S_45_90C_Lipo_Pack.html
$28.55,2,4500,0.85736,http://www.hobbyking.com/hobbyking/store/__17263__Turnigy_nano_tech_4500mah_2S_45_90C_Lipo_Pack.html
$42.85,3,4500,0.85786,http://www.hobbyking.com/hobbyking/store/__17659__Turnigy_nano_tech_4500mah_3S_45_90C_Lipo_Pack.html
$57.15,4,4500,0.85811,http://www.hobbyking.com/hobbyking/store/__17660__Turnigy_nano_tech_4500mah_4S_45_90C_Lipo_Pack.html
$7.63,3,800,0.85923,http://www.hobbyking.com/hobbyking/store/__9173__Turnigy_800mAh_3S_20C_Lipo_Pack.html
$21.01,2,3300,0.86036,http://www.hobbyking.com/hobbyking/store/__17260__Turnigy_nano_tech_3300mah_2S_45_90C_Lipo_Pack.html
$13.38,3,1400,0.861,http://www.hobbyking.com/hobbyking/store/__20391__Turnigy_nano_tech_1400mah_3S_40_80C_Lipo_Pack_TRA2823_Traxxas_1_16_models_.html
$38.26,4,3000,0.86171,http://www.hobbyking.com/hobbyking/store/__10299__Turnigy_3000mAh_4S_40C_Lipo_Pack.html
$47.89,3,5000,0.86288,http://www.hobbyking.com/hobbyking/store/__21943__Turnigy_nano_tech_5000mah_3S_40_80C_Lipo_Pack_TRA2872_Slash_Slash_4x4_.html
$17.76,3,1850,0.86486,http://www.hobbyking.com/hobbyking/store/__9609__Rhino_1850mAh_3S_11_1v_40C_Lipoly_Pack_.html
$16.69,4,1300,0.86746,http://www.hobbyking.com/hobbyking/store/__25509__ZIPPY_Compact_1300mAh_4S_35C_Lipo_Pack.html
$48.19,3,5000,0.86829,http://www.hobbyking.com/hobbyking/store/__10306__Turnigy_5000mAh_3S_40C_Lipo_Pack.html
$9.65,3,1000,0.86937,http://www.hobbyking.com/hobbyking/store/__9491__Turnigy_1000mAh_3S_30C_Lipo_Pack.html
$23.17,4,1800,0.86974,http://www.hobbyking.com/hobbyking/store/__9458__Turnigy_1800mAh_4S_30C_Lipo_Pack.html
$51.49,4,4000,0.86976,http://www.hobbyking.com/hobbyking/store/__10303__Turnigy_4000mAh_4S_40C_Lipo_Pack.html
$16.74,4,1300,0.87006,http://www.hobbyking.com/hobbyking/store/__18208__Turnigy_nano_tech_1300mAh_4S_45_90C_Lipo_Pack.html
$17.39,3,1800,0.87037,http://www.hobbyking.com/hobbyking/store/__25512__ZIPPY_Compact_1800mAh_3S_35C_Lipo_Pack.html
$87.07,6,4500,0.87157,http://www.hobbyking.com/hobbyking/store/__17662__Turnigy_nano_tech_4500mah_6S_45_90C_Lipo_Pack.html
$161.24,10,5000,0.87157,http://www.hobbyking.com/hobbyking/store/__14617__Turnigy_nano_tech_5000mah_10S_45_90C_Lipo_Pack.html
$81.38,3,8400,0.8728,http://www.hobbyking.com/hobbyking/store/__21945__Turnigy_nano_tech_8400mah_3S_40_80C_Lipo_Pack_TRA2878_Slash_VXL_Slash_4x4_compatible_.html
$31.99,3,3300,0.87333,http://www.hobbyking.com/hobbyking/store/__11949__Turnigy_nano_tech_3300mah_3S_35_70C_Lipo_Pack.html
$8.09,2,1250,0.87459,http://www.hobbyking.com/hobbyking/store/__9325__Rhino_1250mAh_2S_7_4v_30C_Lipoly_Pack_.html
$42.72,4,3300,0.87469,http://www.hobbyking.com/hobbyking/store/__11950__Turnigy_nano_tech_3300mah_4S_35_70C_Lipo_Pack.html
$146.72,10,4500,0.8812,http://www.hobbyking.com/hobbyking/store/__17663__Turnigy_nano_tech_4500mah_10S_45_90C_Lipo_Pack.html
$49.95,2,7600,0.88816,http://www.hobbyking.com/hobbyking/store/__21942__Turnigy_nano_tech_7600mah_2S_40_80C_Lipo_Pack_TRA2869_Summit_E_Revo_E_Maxx_.html
$23.79,4,1800,0.89302,http://www.hobbyking.com/hobbyking/store/__10291__Turnigy_1800mAh_4S_40C_Lipo_Pack.html
$49.65,3,5000,0.89459,http://www.hobbyking.com/hobbyking/store/__10097__Turnigy_5000mAh_3S_35C_Lipo_Pack.html
$6.66,2,1000,0.9,http://www.hobbyking.com/hobbyking/store/__34530__Turnigy_nano_tech_1000mah_2S_20_40C_Lipo_AIRSOFT_Pack.html
$9.99,3,1000,0.9,http://www.hobbyking.com/hobbyking/store/__37833__Turnigy_nano_tech_1000mAh_3S_20_40C_Lipo_AIRSOFT_Pack.html
$74.99,5,4500,0.90078,http://www.hobbyking.com/hobbyking/store/__24298__Turnigy_nano_tech_A_SPEC_4500mah_5S_65_130C_Lipo_Pack.html
$99.99,6,5000,0.90081,http://www.hobbyking.com/hobbyking/store/__24302__Turnigy_nano_tech_A_SPEC_5000mah_6S_65_130C_Lipo_Pack.html
$10.50,3,1050,0.9009,http://www.hobbyking.com/hobbyking/store/__9608__Rhino_1050mAh_3S_11_1v_40C_Lipoly_Pack_.html
$160.16,12,4000,0.9018,http://www.hobbyking.com/hobbyking/store/__26787__Turnigy_nano_tech_A_SPEC_4000mah_12S_65_130C_Lipo_Pack.html
$6.70,2,1000,0.90541,http://www.hobbyking.com/hobbyking/store/__11900__Turnigy_nano_tech_1000mah_2S_25_50C_Lipo_Pack.html
$9.60,3,950,0.91038,http://www.hobbyking.com/hobbyking/store/__20389__Turnigy_nano_tech_950mah_3S_25_50C_Lipo_Pack.html
$6.40,2,950,0.91038,http://www.hobbyking.com/hobbyking/store/__20388__Turnigy_nano_tech_950mah_2S_25_50C_Lipo_Pack.html
$50.95,3,5000,0.91802,http://www.hobbyking.com/hobbyking/store/__11956__Turnigy_nano_tech_5000mah_3S_45_90C_Lipo_Pack.html
$1.20,1,350,0.92664,http://www.hobbyking.com/hobbyking/store/__23316__Turnigy_nano_tech_350mah_1S_15C_Round_Lipo.html
$8.93,2,1300,0.92827,http://www.hobbyking.com/hobbyking/store/__15087__Turnigy_1300mAh_2S_20C_Lipo_Pack_Suit_1_18th_Truck_.html
$10.33,3,1000,0.93063,http://www.hobbyking.com/hobbyking/store/__37837__Turnigy_nano_tech_1000mAh_3S_20_40C_Lipo_AIRSOFT_Pack.html
$37.32,2,5400,0.93393,http://www.hobbyking.com/hobbyking/store/__9151__Polyquest_5400mAh_2S_RLP_Racing_Lipo_Pack.html
$16.63,3,1600,0.93637,http://www.hobbyking.com/hobbyking/store/__9456__Turnigy_1600mAh_3S_30C_Lipo_Pack.html
$13.52,3,1300,0.93694,http://www.hobbyking.com/hobbyking/store/__18207__Turnigy_nano_tech_1300mAh_3S_45_90C_Lipo_Pack.html
$27.05,6,1300,0.93728,http://www.hobbyking.com/hobbyking/store/__22907__Turnigy_nano_tech_1300mah_6S_45_90C_Lipo_Pack_450_helicopter_HK_Trex_Rave_E4_etc_.html
$6.96,2,1000,0.94054,http://www.hobbyking.com/hobbyking/store/__37835__Turnigy_nano_tech_1000mAh_2S_20_40C_Lipo_AIRSOFT_Pack.html
$8.36,3,800,0.94144,http://www.hobbyking.com/hobbyking/store/__18847__Turnigy_800mAh_3S_30C_Lipo_Pack.html
$13.95,4,1000,0.94257,http://www.hobbyking.com/hobbyking/store/__18206__Turnigy_nano_tech_1000mAh_4S_45_90C_Lipo_Pack.html
$69.99,5,4000,0.94581,http://www.hobbyking.com/hobbyking/store/__24295__Turnigy_nano_tech_A_SPEC_4000mah_5S_65_130C_Lipo_Pack.html
$5.60,2,800,0.94595,http://www.hobbyking.com/hobbyking/store/__10868__Turnigy_800mAh_2S_20C_Long_Lipo_Pack.html
$10.57,2,1500,0.95225,http://www.hobbyking.com/hobbyking/store/__26452__Turnigy_nano_tech_1500mah_2S_35_70C_Lipo_Pack.html
$5.99,2,850,0.95231,http://www.hobbyking.com/hobbyking/store/__11898__Turnigy_nano_tech_850mah_2S_25_40C_Lipo_Pack.html
$5.99,2,850,0.95231,http://www.hobbyking.com/hobbyking/store/__21331__ZIPPY_Compact_850mAh_2S_25C_Lipo_Pack.html
$15.86,3,1500,0.95255,http://www.hobbyking.com/hobbyking/store/__26453__Turnigy_nano_tech_1500mah_3S_35_70C_Lipo_Pack.html
$31.27,2,4400,0.96038,http://www.hobbyking.com/hobbyking/store/__19144__Turnigy_nano_tech_4400mah_2S_65_130C_Lipo_Pack.html
$88.85,5,5000,0.96054,http://www.hobbyking.com/hobbyking/store/__19155__Turnigy_nano_tech_5000mah_5S_65_130C_Lipo_Pack.html
$10.69,3,1000,0.96306,http://www.hobbyking.com/hobbyking/store/__11901__Turnigy_nano_tech_1000mah_3S_25_50C_Lipo_Pack.html
$5.74,2,800,0.96959,http://www.hobbyking.com/hobbyking/store/__9276__Turnigy_800mAh_2S_20C_Lipo_Pack.html
$90.22,5,5000,0.97535,http://www.hobbyking.com/hobbyking/store/__24301__Turnigy_nano_tech_A_SPEC_5000mah_5S_65_130C_Lipo_Pack.html
$71.51,6,3300,0.97611,http://www.hobbyking.com/hobbyking/store/__19136__Turnigy_nano_tech_3300mah_6S_65_130C_Lipo_Pack.html
$128.53,8,4400,0.98687,http://www.hobbyking.com/hobbyking/store/__19150__Turnigy_nano_tech_4400mah_8S_65_130C_Lipo_Pack.html
$160.67,10,4400,0.98692,http://www.hobbyking.com/hobbyking/store/__19151__Turnigy_nano_tech_4400mah_10S_65_130C_Lipo_Pack.html
$140.59,10,3850,0.98694,http://www.hobbyking.com/hobbyking/store/__19143__Turnigy_nano_tech_3850mah_10S_65_130C_Lipo_Pack.html
$120.51,10,3300,0.98698,http://www.hobbyking.com/hobbyking/store/__19137__Turnigy_nano_tech_3300mah_10S_65_130C_Lipo_Pack.html
$112.48,7,4400,0.98701,http://www.hobbyking.com/hobbyking/store/__19149__Turnigy_nano_tech_4400mah_7S_65_130C_Lipo_Pack.html
$99.03,6,4500,0.99129,http://www.hobbyking.com/hobbyking/store/__24299__Turnigy_nano_tech_A_SPEC_4500mah_6S_65_130C_Lipo_Pack.html
$88.03,6,4000,0.99133,http://www.hobbyking.com/hobbyking/store/__24296__Turnigy_nano_tech_A_SPEC_4000mah_6S_65_130C_Lipo_Pack.html
$198.28,12,4500,0.99239,http://www.hobbyking.com/hobbyking/store/__26788__Turnigy_nano_tech_A_SPEC_4500mah_12S_65_130C_Lipo_Pack.html
$34.15,6,1550,0.99244,http://www.hobbyking.com/hobbyking/store/__51445__Turnigy_nano_tech_1550mah_6S_65_130C_Lipo_Pack_450L_Heli_.html
$9.39,3,850,0.99523,http://www.hobbyking.com/hobbyking/store/__25507__ZIPPY_Compact_850mAh_3S_35C_Lipo_Pack.html
$6.29,2,850,1.0,http://www.hobbyking.com/hobbyking/store/__25506__ZIPPY_Compact_850mAh_2S_35C_Lipo_Pack.html
$41.12,5,2200,1.01032,http://www.hobbyking.com/hobbyking/store/__25429__Turnigy_nano_tech_A_SPEC_2200mah_5S_65_130C_Lipo_Pack.html
$32.91,4,2200,1.01075,http://www.hobbyking.com/hobbyking/store/__25428__Turnigy_nano_tech_A_SPEC_2200mah_4S_65_130C_Lipo_Pack.html
$7.87,2,1050,1.01287,http://www.hobbyking.com/hobbyking/store/__9607__Rhino_1050mAh_2S_7_4v_40C_Lipoly_Pack_.html
$59.99,4,4000,1.01334,http://www.hobbyking.com/hobbyking/store/__11955__Turnigy_nano_tech_4000mah_4S_45_90C_Lipo_Pack.html
$11.27,3,1000,1.01532,http://www.hobbyking.com/hobbyking/store/__18205__Turnigy_nano_tech_1000mAh_3S_45_90C_Lipo_Pack.html
$59.99,6,2650,1.01972,http://www.hobbyking.com/hobbyking/store/__24293__Turnigy_nano_tech_A_SPEC_2650mah_6S_65_130C_Lipo_Pack.html
$49.99,6,2200,1.02355,http://www.hobbyking.com/hobbyking/store/__25430__Turnigy_nano_tech_A_SPEC_2200mah_6S_65_130C_Lipo_Pack.html
$38.26,2,5000,1.03405,http://www.hobbyking.com/hobbyking/store/__19152__Turnigy_nano_tech_5000mah_2S_65_130C_Lipo_Pack.html
$29.46,2,3850,1.03405,http://www.hobbyking.com/hobbyking/store/__19138__Turnigy_nano_tech_3850mah_2S_65_130C_Lipo_Pack.html
$17.22,2,2250,1.03423,http://www.hobbyking.com/hobbyking/store/__19122__Turnigy_nano_tech_2250mah_2S_65_130C_Lipo_Pack.html
$25.26,2,3300,1.0344,http://www.hobbyking.com/hobbyking/store/__19132__Turnigy_nano_tech_3300mah_2S_65_130C_Lipo_Pack.html
$63.15,5,3300,1.0344,http://www.hobbyking.com/hobbyking/store/__19135__Turnigy_nano_tech_3300mah_5S_65_130C_Lipo_Pack.html
$84.20,5,4400,1.0344,http://www.hobbyking.com/hobbyking/store/__19147__Turnigy_nano_tech_4400mah_5S_65_130C_Lipo_Pack.html
$43.06,5,2250,1.03447,http://www.hobbyking.com/hobbyking/store/__19125__Turnigy_nano_tech_2250mah_5S_65_130C_Lipo_Pack.html
$73.68,5,3850,1.03447,http://www.hobbyking.com/hobbyking/store/__19141__Turnigy_nano_tech_3850mah_5S_65_130C_Lipo_Pack.html
$44.21,3,3850,1.03452,http://www.hobbyking.com/hobbyking/store/__19139__Turnigy_nano_tech_3850mah_3S_65_130C_Lipo_Pack.html
$37.90,3,3300,1.03467,http://www.hobbyking.com/hobbyking/store/__19133__Turnigy_nano_tech_3300mah_3S_65_130C_Lipo_Pack.html
$31.01,3,2700,1.0347,http://www.hobbyking.com/hobbyking/store/__19128__Turnigy_nano_tech_2700mah_3S_65_130C_Lipo_Pack.html
$50.54,3,4400,1.03481,http://www.hobbyking.com/hobbyking/store/__19145__Turnigy_nano_tech_4400mah_3S_65_130C_Lipo_Pack.html
$51.69,5,2700,1.03483,http://www.hobbyking.com/hobbyking/store/__19130__Turnigy_nano_tech_2700mah_5S_65_130C_Lipo_Pack.html
$58.97,4,3850,1.03492,http://www.hobbyking.com/hobbyking/store/__19140__Turnigy_nano_tech_3850mah_4S_65_130C_Lipo_Pack.html
$57.44,3,5000,1.03495,http://www.hobbyking.com/hobbyking/store/__19153__Turnigy_nano_tech_5000mah_3S_65_130C_Lipo_Pack.html
$76.59,4,5000,1.035,http://www.hobbyking.com/hobbyking/store/__19154__Turnigy_nano_tech_5000mah_4S_65_130C_Lipo_Pack.html
$50.55,4,3300,1.03501,http://www.hobbyking.com/hobbyking/store/__19134__Turnigy_nano_tech_3300mah_4S_65_130C_Lipo_Pack.html
$20.68,3,1800,1.03504,http://www.hobbyking.com/hobbyking/store/__19120__Turnigy_nano_tech_1800mah_3S_65_130C_Lipo_Pack.html
$34.47,4,2250,1.03514,http://www.hobbyking.com/hobbyking/store/__19124__Turnigy_nano_tech_2250mah_4S_65_130C_Lipo_Pack.html
$67.41,4,4400,1.03517,http://www.hobbyking.com/hobbyking/store/__19146__Turnigy_nano_tech_4400mah_4S_65_130C_Lipo_Pack.html
$41.37,4,2700,1.03529,http://www.hobbyking.com/hobbyking/store/__19129__Turnigy_nano_tech_2700mah_4S_65_130C_Lipo_Pack.html
$27.58,4,1800,1.03529,http://www.hobbyking.com/hobbyking/store/__19121__Turnigy_nano_tech_1800mah_4S_65_130C_Lipo_Pack.html
$13.79,2,1800,1.03529,http://www.hobbyking.com/hobbyking/store/__19119__Turnigy_nano_tech_1800mah_2S_65_130C_Lipo_Pack.html
$9.77,3,850,1.03551,http://www.hobbyking.com/hobbyking/store/__18203__Turnigy_nano_tech_850mAh_3S_45_90C_Lipo_Pack.html
$5.79,3,500,1.04324,http://www.hobbyking.com/hobbyking/store/__9275__Turnigy_500mAh_3S_20C_Lipo_Pack.html
$2.90,1,750,1.04505,http://www.hobbyking.com/hobbyking/store/__20386__Turnigy_nano_tech_750mah_1S_35_70C_Lipo_Pack_Fits_Nine_Eagles_Solo_Pro_180_.html
$4.72,2,610,1.04564,http://www.hobbyking.com/hobbyking/store/__7305__Rhino_610mAh_2S_7_4v_20C_Lipoly_Pack.html
$63.01,6,2700,1.05122,http://www.hobbyking.com/hobbyking/store/__19131__Turnigy_nano_tech_2700mah_6S_65_130C_Lipo_Pack.html
$52.51,6,2250,1.05125,http://www.hobbyking.com/hobbyking/store/__19126__Turnigy_nano_tech_2250mah_6S_65_130C_Lipo_Pack.html
$116.70,6,5000,1.05135,http://www.hobbyking.com/hobbyking/store/__19156__Turnigy_nano_tech_5000mah_6S_65_130C_Lipo_Pack.html
$102.70,6,4400,1.05139,http://www.hobbyking.com/hobbyking/store/__19148__Turnigy_nano_tech_4400mah_6S_65_130C_Lipo_Pack.html
$157.30,8,5000,1.06284,http://www.hobbyking.com/hobbyking/store/__19158__Turnigy_nano_tech_5000mah_8S_65_130C_Lipo_Pack.html
$196.63,10,5000,1.06286,http://www.hobbyking.com/hobbyking/store/__19159__Turnigy_nano_tech_5000mah_10S_65_130C_Lipo_Pack_.html
$51.96,3,4400,1.06388,http://www.hobbyking.com/hobbyking/store/__9154__Polyquest_4400mAh_3S_TRX_25C_Racing_Lipo_Pack.html
$2.99,1,750,1.07748,http://www.hobbyking.com/hobbyking/store/__41271__Turnigy_nano_tech_750mAh_1S_35_70C_Lipo_Pack_for_Walkera_V120D02S_QR_Infra_X_QR_W100S_.html
$3.99,2,500,1.07838,http://www.hobbyking.com/hobbyking/store/__9187__Turnigy_500mAh_2S_20C_Lipo_Pack.html
$3.80,1,950,1.08108,http://www.hobbyking.com/hobbyking/store/__20387__Turnigy_nano_tech_950mah_1S_25_50C_Lipo_Pack_Fits_Walkera_V120_X100_.html
$13.69,4,850,1.08824,http://www.hobbyking.com/hobbyking/store/__18204__Turnigy_nano_tech_850mAh_4S_45_90C_Lipo_Pack.html
$29.99,4,1850,1.09533,http://www.hobbyking.com/hobbyking/store/__9610__Rhino_1850mAh_4S_14_8v_40C_Lipoly_Pack.html
$51.18,2,6200,1.11552,http://www.hobbyking.com/hobbyking/store/__24305__Turnigy_nano_tech_A_SPEC_6200mah_2S_65_130C_Hardcase_Lipo_Pack.html
$25.13,1,6000,1.13198,http://www.hobbyking.com/hobbyking/store/__24307__Turnigy_nano_tech_A_SPEC_6000mah_1S_65_130C_Hardcase_Lipo_Pack.html
$6.34,3,500,1.14234,http://www.hobbyking.com/hobbyking/store/__21330__ZIPPY_Compact_500mAh_3S_25C_Lipo_Pack.html
$66.00,3,5200,1.14345,http://www.hobbyking.com/hobbyking/store/__53878__Walkera_5200mAh_3S_Lipoly_Battery_Pack_for_QR_X350_PRO.html
$10.26,3,800,1.15541,http://www.hobbyking.com/hobbyking/store/__18850__Turnigy_800mAh_3S_35C_Lipo_Pack.html
$57.99,3,4500,1.16096,http://www.hobbyking.com/hobbyking/store/__24310__Turnigy_nano_tech_A_SPEC_4500mah_3S_65_130C_Lipo_Boat_Pack.html
$57.18,2,6600,1.17076,http://www.hobbyking.com/hobbyking/store/__24309__Turnigy_nano_tech_A_SPEC_6600mah_2S_65_130C_Lipo_Boat_Pack.html
$259.99,12,5000,1.17113,http://www.hobbyking.com/hobbyking/store/__26789__Turnigy_nano_tech_A_SPEC_5000mah_12S_65_130C_Lipo_Pack_.html
$46.32,2,5300,1.18103,http://www.hobbyking.com/hobbyking/store/__7161__Polyquest_5300mAh_2S_25C_RXP_Racing_Lipo_Pack.html
$29.54,3,2250,1.18278,http://www.hobbyking.com/hobbyking/store/__19123__Turnigy_nano_tech_2250mah_3S_65_130C_Lipo_Pack.html
$65.18,4,3700,1.19028,http://www.hobbyking.com/hobbyking/store/__45138__Turnigy_nano_tech_A_SPEC_G2_3700mah_4S_65_130C_Lipo_Pack.html
$29.16,3,2200,1.1941,http://www.hobbyking.com/hobbyking/store/__25427__Turnigy_nano_tech_A_SPEC_2200mah_3S_65_130C_Lipo_Pack.html
$56.61,4,3200,1.19531,http://www.hobbyking.com/hobbyking/store/__45135__Turnigy_nano_tech_A_SPEC_G2_3200mah_4S_65_130C_Lipo_Pack.html
$1.20,1,270,1.2012,http://www.hobbyking.com/hobbyking/store/__23315__Turnigy_nano_tech_270mah_1S_15C_Round_Lipo_.html
$49.80,2,5600,1.20174,http://www.hobbyking.com/hobbyking/store/__24308__Turnigy_nano_tech_A_SPEC_5600mah_2S_65_130C_Hardcase_Lipo_Saddle_Pack.html
$49.43,3,3700,1.20355,http://www.hobbyking.com/hobbyking/store/__45137__Turnigy_nano_tech_A_SPEC_G2_3700mah_3S_65_130C_Lipo_Pack.html
$42.97,3,3200,1.20974,http://www.hobbyking.com/hobbyking/store/__45134__Turnigy_nano_tech_A_SPEC_G2_3200mah_3S_65_130C_Lipo_Pack.html
$99.54,6,3700,1.21183,http://www.hobbyking.com/hobbyking/store/__45139__Turnigy_nano_tech_A_SPEC_G2_3700mah_6S_65_130C_Lipo_Pack.html
$7.19,2,800,1.21453,http://www.hobbyking.com/hobbyking/store/__18849__Turnigy_800mAh_2S_35C_Lipo_Pack.html
$86.31,6,3200,1.21495,http://www.hobbyking.com/hobbyking/store/__45136__Turnigy_nano_tech_A_SPEC_G2_3200mah_6S_65_130C_Lipo_Pack.html
$39.67,4,2200,1.21837,http://www.hobbyking.com/hobbyking/store/__45131__Turnigy_nano_tech_A_SPEC_G2_2200mah_4S_65_130C_Lipo_Pack.html
$112.74,5,5000,1.21881,http://www.hobbyking.com/hobbyking/store/__45144__Turnigy_nano_tech_A_SPEC_G2_5000mah_5S_65_130C_Lipo_Pack.html
$3.16,2,350,1.22008,http://www.hobbyking.com/hobbyking/store/__9028__ZIPPY_Flightmax_350mAh_2S_20C.html
$90.66,4,5000,1.22514,http://www.hobbyking.com/hobbyking/store/__45143__Turnigy_nano_tech_A_SPEC_G2_5000mah_4S_65_130C_Lipo_Pack.html
$10.88,3,800,1.22523,http://www.hobbyking.com/hobbyking/store/__18852__Turnigy_800mAh_3S_40C_Lipo_Pack.html
$30.20,3,2200,1.23669,http://www.hobbyking.com/hobbyking/store/__45130__Turnigy_nano_tech_A_SPEC_G2_2200mah_3S_65_130C_Lipo_Pack.html
$117.24,6,4250,1.24261,http://www.hobbyking.com/hobbyking/store/__45142__Turnigy_nano_tech_A_SPEC_G2_4250mah_6S_65_130C_Lipo_Pack.html
$6.39,3,460,1.25147,http://www.hobbyking.com/hobbyking/store/__7304__Rhino_460mAh_3S_11_1v_20C_Lipoly_Pack.html
$6.45,3,460,1.26322,http://www.hobbyking.com/hobbyking/store/__11897__Turnigy_nano_tech_460mah_3S_25_40C_Lipo_Pack.html
$59.69,3,4250,1.26529,http://www.hobbyking.com/hobbyking/store/__45140__Turnigy_nano_tech_A_SPEC_G2_4250mah_3S_65_130C_Lipo_Pack.html
$4.36,2,460,1.28085,http://www.hobbyking.com/hobbyking/store/__11896__Turnigy_nano_tech_460mah_2S_25_40C_Lipo_Pack.html
$7.59,2,800,1.28209,http://www.hobbyking.com/hobbyking/store/__18851__Turnigy_800mAh_2S_40C_Lipo_Pack.html
$49.77,4,2600,1.2934,http://www.hobbyking.com/hobbyking/store/__45133__Turnigy_nano_tech_A_SPEC_G2_2600mah_4S_65_130C_Lipo_Pack.html
$7.69,2,800,1.29899,http://www.hobbyking.com/hobbyking/store/__18846__Turnigy_800mAh_2S_30C_Lipo_Pack.html
$4.85,2,500,1.31081,http://www.hobbyking.com/hobbyking/store/__21329__ZIPPY_Compact_500mAh_2S_25C_Lipo_Pack.html
$37.84,3,2600,1.31116,http://www.hobbyking.com/hobbyking/store/__45132__Turnigy_nano_tech_A_SPEC_G2_2600mah_3S_65_130C_Lipo_Pack.html
$82.92,4,4250,1.31828,http://www.hobbyking.com/hobbyking/store/__45141__Turnigy_nano_tech_A_SPEC_G2_4250mah_4S_65_130C_Lipo_Pack.html
$2.94,1,600,1.32432,http://www.hobbyking.com/hobbyking/store/__20385__Turnigy_nano_tech_600mah_1S_35_70C_Lipo_Pack_Fits_Nine_Eagles_Solo_Pro_328_Eflite_MQX_120SR_.html
$4.52,2,460,1.32785,http://www.hobbyking.com/hobbyking/store/__7303__Rhino_460mAh_2S_7_4v_20C_Lipoly_Pack.html
$41.28,2,4200,1.32819,http://www.hobbyking.com/hobbyking/store/__24306__Turnigy_nano_tech_A_SPEC_4200mah_2S_65_130C_Hardcase_Shorty_Lipo_Pack.html
$148.05,6,5000,1.33378,http://www.hobbyking.com/hobbyking/store/__45145__Turnigy_nano_tech_A_SPEC_G2_5000mah_6S_65_130C_Lipo_Pack.html
$49.99,2,4950,1.36473,http://www.hobbyking.com/hobbyking/store/__7164__Polyquest_4950mAh_2S_25C_Lipoly_Version_2_.html
$5.49,3,350,1.41313,http://www.hobbyking.com/hobbyking/store/__25503__ZIPPY_Compact_350mAh_3S_25C_Lipo_Pack.html
$5.81,3,370,1.41466,http://www.hobbyking.com/hobbyking/store/__11895__Turnigy_nano_tech_370mah_3S_25_40C_Lipo_Pack.html
$3.88,2,370,1.41709,http://www.hobbyking.com/hobbyking/store/__11894__Turnigy_nano_tech_370mah_2S_25_40C_Lipo_Pack.html
$3.69,2,350,1.42471,http://www.hobbyking.com/hobbyking/store/__25502__ZIPPY_Compact_350mAh_2S_25C_Lipo_Pack.html
$38.36,4,1800,1.43994,http://www.hobbyking.com/hobbyking/store/__45128__Turnigy_nano_tech_A_SPEC_G2_1800mah_4S_65_130C_Lipo_Pack.html
$29.14,3,1800,1.45846,http://www.hobbyking.com/hobbyking/store/__45127__Turnigy_nano_tech_A_SPEC_G2_1800mah_3S_65_130C_Lipo_Pack.html
$5.69,2,500,1.53784,http://www.hobbyking.com/hobbyking/store/__25504__ZIPPY_Compact_500mAh_2S_35C_Lipo_Pack.html
$8.54,2,750,1.53874,http://www.hobbyking.com/hobbyking/store/__7306__Rhino_750mAh_2S_7_4v_20C_Lipoly_Pack.html
$8.59,3,500,1.54775,http://www.hobbyking.com/hobbyking/store/__25505__ZIPPY_Compact_500mAh_3S_35C_Lipo_Pack.html
$4.23,2,360,1.58784,http://www.hobbyking.com/hobbyking/store/__7301__Rhino_360mAh_2S_7_4v_20C_Lipoly_Pack.html
$1.20,1,200,1.62162,http://www.hobbyking.com/hobbyking/store/__23313__Turnigy_nano_tech_200mah_1S_15C_Round_Lipo.html
$1.99,1,300,1.79279,http://www.hobbyking.com/hobbyking/store/__20384__Turnigy_nano_tech_300mah_1S_35_70C_Lipo_Pack_Fits_Nine_Eagles_Solo_Pro_100_.html
$151.13,5,4350,1.87797,http://www.hobbyking.com/hobbyking/store/__5727__Polyquest_4350mAh_5S_25C_Lipoly.html
$78.54,5,2200,1.92973,http://www.hobbyking.com/hobbyking/store/__6236__Polyquest_2200mAh_5S_20C_30C_Lipoly.html
$4.29,2,300,1.93243,http://www.hobbyking.com/hobbyking/store/__22906__Turnigy_nano_tech_300mah_2S_35_70C_Lipo_Pack.html
$4.29,1,600,1.93243,http://www.hobbyking.com/hobbyking/store/__35300__Walkera_600mAh_1S_20C_Lipo_Battery_Pack_Suits_QR_Infra_X_V120D02S_.html
$0.99,1,130,2.05821,http://www.hobbyking.com/hobbyking/store/__18791__Turnigy_nano_tech_130mah_1S_25C_Lipo_Pack_Nine_Eagles_style_T2_Twin_Rail_for_older_models_.html
$0.99,1,130,2.05821,http://www.hobbyking.com/hobbyking/store/__18790__Turnigy_nano_tech_130mah_1S_25C_Lipo_Pack_Nine_Eagles_style_T1_Single_Rail_for_2010plus_.html
$8.38,3,360,2.0971,http://www.hobbyking.com/hobbyking/store/__7302__Rhino_360mAh_3S_11_1v_20C_Lipoly_Pack.html
$1.26,1,160,2.12838,http://www.hobbyking.com/hobbyking/store/__19418__Turnigy_nano_tech_160mah_1S_25C_Lipo_Pack_Nine_Eagles_style_T1_Single_Rail_for_2010plus_.html
$1.26,1,160,2.12838,http://www.hobbyking.com/hobbyking/store/__18792__Turnigy_nano_tech_160mah_1S_25C_Lipo_Pack_Nine_Eagles_style_T2_Twin_Rail_for_older_models_.html
$1.35,1,160,2.28041,http://www.hobbyking.com/hobbyking/store/__19419__Turnigy_nano_tech_160mah_1S_25_40C_Lipo_Pack_Fits_Align_Trex_100_.html
$120.25,4,3500,2.32143,http://www.hobbyking.com/hobbyking/store/__10089__Volt_On_POLYQUEST_3500mAh_4S_45C_90C_Lipoly.html
$7.99,2,450,2.3994,http://www.hobbyking.com/hobbyking/store/__26734__Turnigy_nano_tech_450mAh_2S_65_130C_Lipo_Pack_E_flite_Blade_130X_.html
$5.40,2,300,2.43243,http://www.hobbyking.com/hobbyking/store/__26739__Turnigy_nano_tech_300mah_2S_45_90C_Lipo_Pack.html
$1.20,1,130,2.4948,http://www.hobbyking.com/hobbyking/store/__23311__Turnigy_nano_tech_130mAh_1s_15c_Round_Lipo.html
$2.77,1,300,2.4955,http://www.hobbyking.com/hobbyking/store/__26738__Turnigy_nano_tech_300mah_1S_45_90C_Lipo_Pack_Fits_Nine_Eagles_Solo_Pro_100_.html
$1.49,1,160,2.51689,http://www.hobbyking.com/hobbyking/store/__11893__Turnigy_nano_tech_160mah_1S_25_40C_Lipo_Pack_Kyosho_E_flite_Nano_CP_X_Parkzone_Etc_.html
$4.99,2,260,2.59356,http://www.hobbyking.com/hobbyking/store/__26742__Turnigy_nano_tech_260mah_2S_35_70C_Lipo_Pack.html
$4.99,2,260,2.59356,http://www.hobbyking.com/hobbyking/store/__26741__Turnigy_nano_tech_260mah_2S_35_70C_Lipo_Pack_E_flite_EFLB2002S25_micro_series_compatible_.html
$5.89,2,300,2.65315,http://www.hobbyking.com/hobbyking/store/__28444__Turnigy_nano_tech_300mah_2S_35_70C_Lipo_Pack_E_flite_EFLB2002S25_micro_series_compatible_.html
$6.56,2,330,2.68632,http://www.hobbyking.com/hobbyking/store/__52790__Turnigy_nano_tech_330mah_2S_45_90C_Lipo_Pack_for_Align_T_Rex_150_DFC.html
$10.72,3,350,2.75933,http://www.hobbyking.com/hobbyking/store/__19118__Turnigy_nano_tech_350mah_3S_65_130C_Lipo_Pack.html
$1.34,1,130,2.78586,http://www.hobbyking.com/hobbyking/store/__11857__Turnigy_nano_tech_130mah_1S_25_40C_Lipo_Pack_Kyosho_Eflite_Parkzone_Etc_.html
$1.26,1,120,2.83784,http://www.hobbyking.com/hobbyking/store/__14730__NE_B918_120mAh_1S_10C_V2_OEM_Replacement_for_NE4950001.html
$2.90,2,138,2.8398,http://www.hobbyking.com/hobbyking/store/__10915__Turnigy_138mAh_2S_10C.html
$8.04,2,350,3.10425,http://www.hobbyking.com/hobbyking/store/__19117__Turnigy_nano_tech_350mah_2S_65_130C_Lipo_Pack.html
$2.99,1,260,3.10811,http://www.hobbyking.com/hobbyking/store/__24920__Turnigy_nano_tech_260mAh_1S_35_70C_Lipo_Pack_QR_Ladybird_Genius_CP_Mini_CP_.html
$6.24,3,180,3.12312,http://www.hobbyking.com/hobbyking/store/__23339__Turnigy_nano_tech_180mah_3S_25_40C_Lipo_Pack.html
$4.19,2,180,3.14565,http://www.hobbyking.com/hobbyking/store/__23135__Turnigy_nano_tech_180mah_2S_25_40C_Lipo_Pack.html
$2.01,1,160,3.39527,http://www.hobbyking.com/hobbyking/store/__10980__Turnigy_160mAh_1S_30C_Eflite_Minium_compatible_.html
$4.41,1,350,3.40541,http://www.hobbyking.com/hobbyking/store/__19116__Turnigy_nano_tech_350mah_1S_65_130C_Lipo_Pack.html
$1.96,1,150,3.53153,http://www.hobbyking.com/hobbyking/store/__14890__Nine_Eagles_replacement_High_Cap_150mAh_1S_LiPo.html
$3.99,1,300,3.59459,http://www.hobbyking.com/hobbyking/store/__17808__Turnigy_nano_tech_300mah_1S_35c_Lipo_Pack_Suits_FBL100_and_Blade_mCPx_.html
$1.20,1,90,3.6036,http://www.hobbyking.com/hobbyking/store/__23310__Turnigy_nano_tech_90mah_1S_15C_Round_Lipo.html
$4.99,2,180,3.74625,http://www.hobbyking.com/hobbyking/store/__19423__Turnigy_nano_tech_180mAh_2S_25C_Lipo_Pack_E_flite_micro_series_compatible_.html
$4.49,1,300,4.04505,http://www.hobbyking.com/hobbyking/store/__26736__Turnigy_nano_tech_300mah_1S_45C_Lipo_Pack_Suits_FBL100_and_Blade_mCPx_.html
$1.20,1,80,4.05405,http://www.hobbyking.com/hobbyking/store/__23309__Turnigy_nano_tech_80mAh_1s_15c_Round_Lipo.html
$4.19,2,120,4.71847,http://www.hobbyking.com/hobbyking/store/__19422__Turnigy_nano_tech_120mAh_2S_25C_Lipo_Pack_E_flite_micro_series_compatible_.html
